"","n_samples","h2","prop_effect","S","flb","mse","rmse","rel_mse","flb_error","mse_error","rmse_error","rel_mse_error","method"
"1",30000,0.3,0.01,-1,0.943643561091041,-0.00181352864826373,-0.0340282350569113,-0.951064589661913,0.00995095178250702,0.000108435918735782,0.00143720838442757,0.00765175321415335,"EB"
"101",3e+05,0.3,0.01,-1,0.597215510585262,-1.98809376952715e-05,-0.00159278833549109,-0.401263380945271,0.00856739064349885,1.66371116976882e-06,0.000113874272468755,0.0195455992223107,"EB"
"201",30000,0.8,0.01,-1,0.759416658460449,-0.000900858555702735,-0.0174781705200545,-0.75624399159799,0.0125043898565532,5.46237167898572e-05,0.000803917832317972,0.0150722903495938,"EB"
"301",3e+05,0.8,0.01,-1,0.547411809716217,-9.60719488525548e-06,-0.000876883866041249,-0.274241782136971,0.0116761500999575,1.03925121031482e-06,8.5906688554365e-05,0.0212131937996483,"EB"
"401",30000,0.3,0.001,-1,0.788279913330825,-0.00120600933157668,-0.0218986135299817,-0.813296417931094,0.0157697861036016,8.76282424310089e-05,0.00140683539347362,0.0244819708251816,"EB"
"501",3e+05,0.3,0.001,-1,0.608789892633418,-7.52779949757771e-05,-0.00509011714848814,-0.761371991742416,0.0213855611150804,5.83749225247427e-06,0.000324390983775821,0.0219930682887355,"EB"
"601",30000,0.8,0.001,-1,0.689324503650122,-0.000914268089314023,-0.0178054486247657,-0.763584267748093,0.0224841113755792,7.41825635297349e-05,0.00131388337533283,0.0295775532751038,"EB"
"701",3e+05,0.8,0.001,-1,0.573864905993242,-6.88311410277196e-05,-0.0047681041275694,-0.745995527184489,0.0176761620854529,5.49099813333343e-06,0.000311862979817603,0.0229501362272402,"EB"
"801",30000,0.3,0.01,0,0.921310241647842,-0.00173484253620144,-0.0338547042410766,-0.958052691679262,0.0110735869397203,0.00010422173745617,0.00131724329485488,0.00719987512585205,"EB"
"901",3e+05,0.3,0.01,0,0.597845656277157,-2.37269492192154e-05,-0.00205283225658732,-0.512266808274668,0.0108889766680748,1.69538329272127e-06,0.000111587700203358,0.015017514672009,"EB"
"1001",30000,0.8,0.01,0,0.744829887894376,-0.00086774676180405,-0.0181988690752664,-0.79971802916578,0.015435606954325,5.38529134139989e-05,0.000763896707118785,0.0103822767835219,"EB"
"1101",3e+05,0.8,0.01,0,0.545802878615356,-1.2226748895912e-05,-0.00119491113057469,-0.374384066883807,0.0123554670221913,1.06902079766595e-06,8.76898851708207e-05,0.0183694395152384,"EB"
"1201",30000,0.3,0.001,0,0.793163906477382,-0.00129352003978441,-0.0247138533346862,-0.871096005065656,0.0163032038260439,9.04026615241294e-05,0.00129992909130096,0.013915891793228,"EB"
"1301",3e+05,0.3,0.001,0,0.616347003654045,-7.74238812044269e-05,-0.0052170031949895,-0.769223385866798,0.0188192861418872,5.89502067544136e-06,0.000325379433798101,0.0219248395075922,"EB"
"1401",30000,0.8,0.001,0,0.700680873397055,-0.000983257188171606,-0.0198099302378689,-0.815166052162411,0.0186699365932758,6.52810487307512e-05,0.00102946607123499,0.0169522746071643,"EB"
"1501",3e+05,0.8,0.001,0,0.578140944633278,-6.80519503865146e-05,-0.0046651985498393,-0.733910764980216,0.0173381048306163,4.96981054118888e-06,0.000281520759806573,0.0221614498392405,"EB"
"1601",30000,0.3,0.01,1,0.902526554281062,-0.00166788744327785,-0.0323417347626399,-0.946978611223398,0.0122624228918618,8.42226128437581e-05,0.0013268339877997,0.0105569325523428,"EB"
"1701",3e+05,0.3,0.01,1,0.593576648378743,-2.5177495181699e-05,-0.0022163592352946,-0.546319657835843,0.00948388968160548,2.03722240201455e-06,0.000136897593000558,0.0177332903581727,"EB"
"1801",30000,0.8,0.01,1,0.727940442152818,-0.00082519009248614,-0.0175075787746954,-0.789993927004838,0.0117696866222917,5.17023229333014e-05,0.000711386035785283,0.0111375301512491,"EB"
"1901",3e+05,0.8,0.01,1,0.547344059280498,-1.43794038170712e-05,-0.00143798468493075,-0.439581023753097,0.0121904786306352,1.06403902449627e-06,8.53686444322912e-05,0.0157651721749857,"EB"
"2001",30000,0.3,0.001,1,0.799549164116484,-0.00133489730648276,-0.0257509572179241,-0.886663172201501,0.0148621368637769,8.55767953319875e-05,0.00119948825194041,0.0126113153244134,"EB"
"2101",3e+05,0.3,0.001,1,0.629417244138744,-8.33315952882184e-05,-0.0057370237048156,-0.811644327348613,0.0174399661319234,5.41444905294809e-06,0.000278538849144733,0.0149479775539412,"EB"
"2201",30000,0.8,0.001,1,0.708863902863132,-0.00105890255900584,-0.0217258270731123,-0.852823133551612,0.0213609736967662,6.9105218473592e-05,0.00102791547821506,0.0127653082348267,"EB"
"2301",3e+05,0.8,0.001,1,0.588015581273084,-7.35188795860254e-05,-0.00508560916609577,-0.769701840795233,0.0174325007538807,5.15879875806678e-06,0.000282153802240843,0.0182261856392272,"EB"
"11",30000,0.3,0.01,-1,0.942689046843784,-0.00181377316057402,-0.034039678752344,-0.951215433103255,0.00980408862738098,0.000107677294356538,0.00139761996242332,0.00724128399608128,"EB_df"
"1011",3e+05,0.3,0.01,-1,0.562465886951582,-1.77161436030266e-05,-0.00139736272418052,-0.357233468689125,0.0141645289081692,1.96399537299506e-06,0.000141968347017751,0.0272461018847973,"EB_df"
"2011",30000,0.8,0.01,-1,0.75878486212694,-0.000901543170143063,-0.0174971045037505,-0.756806302798384,0.0122842722342851,5.45007755774265e-05,0.000787574480754868,0.014106016761827,"EB_df"
"3011",3e+05,0.8,0.01,-1,0.27463614111546,1.08612539987742e-05,0.000855660689714635,0.312395479412747,0.00896854493078948,2.41209399432896e-06,0.000186206116189588,0.0756660694632125,"EB_df"
"4011",30000,0.3,0.001,-1,0.72886932283874,-0.0011721024450173,-0.0208990126615194,-0.790241789330984,0.0143536615045264,8.91904547394648e-05,0.00138672505187246,0.0239145541026444,"EB_df"
"5011",3e+05,0.3,0.001,-1,0.486115594776652,-4.72023969064547e-05,-0.00276657180793478,-0.47553305141774,0.0186824329709435,9.33438000635525e-06,0.000569871828874572,0.0759385950502031,"EB_df"
"6011",30000,0.8,0.001,-1,0.658756539874523,-0.000843803815974425,-0.0158119524162577,-0.704677801691181,0.0273192562455697,6.85142059595204e-05,0.00108330977736129,0.0254892991212935,"EB_df"
"7011",3e+05,0.8,0.001,-1,0.476228296808612,-2.8444927963871e-05,-0.00162341838745458,-0.30718778766228,0.0160995991955475,7.15809825099763e-06,0.00042895942907794,0.0703616021663762,"EB_df"
"8011",30000,0.3,0.01,0,0.921650731688451,-0.00173540725789993,-0.0338698463746413,-0.95834987602033,0.0108356563647641,0.000104305291410486,0.00122567622476421,0.00438881344921624,"EB_df"
"9011",3e+05,0.3,0.01,0,0.525614900993542,-2.30746145755092e-05,-0.00198419006744897,-0.497880867319833,0.027235930851662,1.89138631850098e-06,0.000129826400830049,0.0180812659573092,"EB_df"
"10011",30000,0.8,0.01,0,0.736122512895153,-0.000872935735411637,-0.0183758587807449,-0.804522903601924,0.0145792233210981,5.36358019851933e-05,0.000750167428773557,0.00965450248533015,"EB_df"
"11011",3e+05,0.8,0.01,0,0.280652570017509,3.46274700054622e-06,0.00029477530299707,0.108291518102007,0.00963994910642121,2.37096309369667e-06,0.000203103340603727,0.0759823487234228,"EB_df"
"12011",30000,0.3,0.001,0,0.733659457763069,-0.00127127121972884,-0.0239242906645593,-0.856082075075072,0.0166351128532156,8.9116099063587e-05,0.00121477074212876,0.0123616759087481,"EB_df"
"13011",3e+05,0.3,0.001,0,0.497942929278743,-4.97264449546872e-05,-0.00290511376522265,-0.492702418042066,0.0199586303028322,8.25788453733844e-06,0.000502904657277054,0.064626601389949,"EB_df"
"14011",30000,0.8,0.001,0,0.663347896836717,-0.000921681233791532,-0.0178662989690555,-0.76399822117519,0.0185155744078099,6.38319232946196e-05,0.000946781377417878,0.0168912158519136,"EB_df"
"15011",3e+05,0.8,0.001,0,0.484639615840638,-2.64820852596722e-05,-0.0014928033093887,-0.284402982141537,0.0141518600849357,6.02478850156487e-06,0.000344857261144049,0.0557791163030793,"EB_df"
"16011",30000,0.3,0.01,1,0.901422862302831,-0.00166966762452667,-0.0324056794044688,-0.948022714053087,0.0096952205507108,8.17088512876549e-05,0.00103889797890403,0.00556116192498968,"EB_df"
"17011",3e+05,0.3,0.01,1,0.469452350638181,-2.43643656962779e-05,-0.00212761704055808,-0.528363407393281,0.0242497762030615,2.18764692418187e-06,0.000149047724512637,0.0193185021694805,"EB_df"
"18011",30000,0.8,0.01,1,0.706563908840321,-0.000834749774464567,-0.0178310568403324,-0.799042591094738,0.0129823472296301,5.37381486846176e-05,0.00074779590800918,0.0097611847052699,"EB_df"
"19011",3e+05,0.8,0.01,1,0.289268843481322,-9.20682821740369e-07,-8.14111674724717e-05,-0.026468571628233,0.0123775362125963,2.02430272795856e-06,0.000180319083342234,0.0605132790125342,"EB_df"
"20011",30000,0.3,0.001,1,0.743522052567807,-0.00130594459149519,-0.0246753181275433,-0.867338299806424,0.01491456770523,8.54340601016322e-05,0.00112900249575549,0.0107437927103003,"EB_df"
"21011",3e+05,0.3,0.001,1,0.516976962286699,-6.15076777062216e-05,-0.00372413689779214,-0.59838389018675,0.0207085118817802,6.82483611336694e-06,0.000429210441430668,0.0473644088484559,"EB_df"
"22011",30000,0.8,0.001,1,0.665631027959223,-0.000998540507383069,-0.0196482067816887,-0.804072623105067,0.016267236155646,6.86724558213202e-05,0.00100986620685025,0.0152379356498274,"EB_df"
"23011",3e+05,0.8,0.001,1,0.505377499265982,-3.6439785144167e-05,-0.00209257457417796,-0.380743963347102,0.0128767197887494,6.33403886203379e-06,0.000385593307691353,0.0566751444363277,"EB_df"
"12",30000,0.3,0.01,-1,0.940018491339399,-0.00180719414004144,-0.0337107571902044,-0.947731915574468,0.0103981744237166,0.000108732035142617,0.00148135599727021,0.00875860486372241,"EB_scam"
"1012",3e+05,0.3,0.01,-1,0.585352847626837,-1.91561693527681e-05,-0.0015276973358606,-0.386675370373736,0.0112901523198802,1.99972883817604e-06,0.000151835907841059,0.0307533831048687,"EB_scam"
"2012",30000,0.8,0.01,-1,0.753344635712542,-0.000899902856921041,-0.0174504420574384,-0.755383394888881,0.0135868614047194,5.62163529170222e-05,0.000852293538750023,0.016289089636296,"EB_scam"
"3012",3e+05,0.8,0.01,-1,0.465705232841485,2.86053966244284e-06,0.000237461456388997,0.0833974173263687,0.0123646180457422,1.788842988913e-06,0.000148708740951625,0.053601844467709,"EB_scam"
"4012",30000,0.3,0.001,-1,0.785480823824154,-0.00118862328591564,-0.0213716474932059,-0.801566694422851,0.0126993628635622,8.45027904700431e-05,0.00124804457462699,0.0203505875031474,"EB_scam"
"5012",3e+05,0.3,0.001,-1,0.567954513617237,-1.79384391448699e-05,-0.000963973625551774,-0.179214306890205,0.0188709118935311,1.22633461237368e-05,0.000662516749122757,0.119736510222815,"EB_scam"
"6012",30000,0.8,0.001,-1,0.694972456043079,-0.000839223007474817,-0.0158203609725498,-0.700518953749785,0.0526964921714466,0.000118544565873033,0.00252322914072219,0.0847669282716993,"EB_scam"
"7012",3e+05,0.8,0.001,-1,0.635200851563766,-4.68319329208597e-05,-0.00287227464171271,-0.507248926338854,0.0240523890932407,6.37146138331415e-06,0.000386587113572868,0.0558678181359421,"EB_scam"
"8012",30000,0.3,0.01,0,0.92066319215272,-0.00173357973721322,-0.0337706393212425,-0.957379060783761,0.0109415540880471,0.000103157776717422,0.00119269417585149,0.00515153660217306,"EB_scam"
"9012",3e+05,0.3,0.01,0,0.581367481635364,-2.33229313923146e-05,-0.00201116066824369,-0.503324353348285,0.0184211577942324,2.09746663838898e-06,0.000160303973964039,0.0273246670919152,"EB_scam"
"10012",30000,0.8,0.01,0,0.735103903995953,-0.000873785118272033,-0.0184061376482314,-0.805303450312155,0.0146424440141676,5.4024416871866e-05,0.000775273735537281,0.0107666598026523,"EB_scam"
"11012",3e+05,0.8,0.01,0,0.453790848049043,-4.21438943743164e-06,-0.00038081325795896,-0.127669996362204,0.00878134079075433,1.54030832358452e-06,0.000136306787963412,0.0422036748967975,"EB_scam"
"12012",30000,0.3,0.001,0,0.793533420438613,-0.00126833970038341,-0.0238257722241539,-0.854271135118507,0.0149593309628019,8.50681971386123e-05,0.00109351217240258,0.0110406517227192,"EB_scam"
"13012",3e+05,0.3,0.001,0,0.565549705824201,-2.25174745152843e-05,-0.00121072565617451,-0.221383818922487,0.0176248935144542,1.2367822903419e-05,0.000675438587872536,0.118982387815087,"EB_scam"
"14012",30000,0.8,0.001,0,0.691017624449813,-0.000894130509756332,-0.0171906975932521,-0.740564107358884,0.0262520547483033,0.000107864924006972,0.00242585781912573,0.0695266274420029,"EB_scam"
"15012",3e+05,0.8,0.001,0,0.628316106009323,-4.64829885188853e-05,-0.00283532976583466,-0.500898210007939,0.0231163686333412,6.13668822505488e-06,0.000365702297499764,0.0551369972933493,"EB_scam"
"16012",30000,0.3,0.01,1,0.901945552959516,-0.0016731586388448,-0.0325936386208221,-0.950027916869577,0.00958669594964074,8.10771294607108e-05,0.00103471875753286,0.005815565333567,"EB_scam"
"17012",3e+05,0.3,0.01,1,0.564430130852781,-2.455123330068e-05,-0.0021506043723421,-0.532472123892921,0.0241027513285216,2.68824556716687e-06,0.000218025066396684,0.0399273090658826,"EB_scam"
"18012",30000,0.8,0.01,1,0.716366086950596,-0.000831955165152074,-0.0177369379111352,-0.796410544357176,0.0119195650173815,5.32289155094035e-05,0.000751990636011104,0.0111462005351284,"EB_scam"
"19012",3e+05,0.8,0.01,1,0.456637893694729,-8.03853779592809e-06,-0.00075185385335874,-0.245208088658076,0.00945403952137058,1.10929879932696e-06,9.53785616978328e-05,0.0251847219832702,"EB_scam"
"20012",30000,0.3,0.001,1,0.802313381994162,-0.00130278955127909,-0.0245657112448197,-0.865371341163551,0.0129574613240622,8.18864877783063e-05,0.00101967048859486,0.010052103420835,"EB_scam"
"21012",3e+05,0.3,0.001,1,0.57117625180471,-3.68198919944624e-05,-0.00202954968770597,-0.35768832790158,0.0206389827859166,8.98732827040453e-06,0.000518464994223585,0.0811547389647305,"EB_scam"
"22012",30000,0.8,0.001,1,0.686989058840366,-0.000952906552646183,-0.0184088004683719,-0.76665439869509,0.0430791983371192,0.000117200933567087,0.00267648817596041,0.0749515224056296,"EB_scam"
"23012",3e+05,0.8,0.001,1,0.630667688804861,-5.06366770888297e-05,-0.00308417395285735,-0.529637493659665,0.0309314905663582,7.23737230675936e-06,0.000444104091879439,0.0648786875504109,"EB_scam"
"13",30000,0.3,0.01,-1,0.942443192963869,-0.00181372361083996,-0.0340372697608918,-0.951193998489848,0.00980990267330439,0.000107493338690004,0.00138884820529934,0.00725542261133156,"EB_gam_po"
"1013",3e+05,0.3,0.01,-1,0.456074775397635,-9.44986421369887e-06,-0.000707765674791013,-0.189609312695779,0.021965795431447,2.88297029023617e-06,0.000215591706676884,0.0540752188519586,"EB_gam_po"
"2013",30000,0.8,0.01,-1,0.739399752263058,-0.00089429248167094,-0.0172860472525913,-0.75063575444852,0.0138565331669878,5.65780174725345e-05,0.00085683252114121,0.0163825614541238,"EB_gam_po"
"3013",3e+05,0.8,0.01,-1,0.360999486131844,-3.8854755936349e-06,-0.000338784909911222,-0.109973911176927,0.0147699003956769,1.96375700057507e-06,0.000169699541472736,0.0540468091621167,"EB_gam_po"
"4013",30000,0.3,0.001,-1,0.763087148843773,-0.00117510322824307,-0.020980322258359,-0.792389761922633,0.0168308205833007,8.51479821158535e-05,0.00125788543396821,0.0208511890405561,"EB_gam_po"
"5013",3e+05,0.3,0.001,-1,0.510378005837801,-5.87967240486946e-05,-0.00362663362307473,-0.594016398202113,0.0160349427477614,7.98281974668927e-06,0.000518401564990554,0.0615531283130264,"EB_gam_po"
"6013",30000,0.8,0.001,-1,0.594180791274502,-0.000743248171051235,-0.013328029334308,-0.620039720129669,0.0133542424060605,8.94191099389941e-05,0.00164561598486573,0.0525610180846674,"EB_gam_po"
"7013",3e+05,0.8,0.001,-1,0.448591812879177,-2.26694756334247e-05,-0.00128769843420018,-0.242950718481324,0.0152804225693846,1.29197439952553e-05,0.000756159629517472,0.134619780392431,"EB_gam_po"
"8013",30000,0.3,0.01,0,0.921410452781827,-0.00173634866422322,-0.033924236066912,-0.958885900043375,0.0114509911497045,0.000103876202306189,0.00119849930111563,0.00418464454049589,"EB_gam_po"
"9013",3e+05,0.3,0.01,0,0.452565216474141,-1.98729136681717e-05,-0.00166268791040471,-0.428415328926291,0.016493722396323,2.05272317071616e-06,0.000149971009165287,0.0256645134557423,"EB_gam_po"
"10013",30000,0.8,0.01,0,0.721081173181629,-0.000873411602194965,-0.0183909752732786,-0.804919188324386,0.015458213436585,5.42878291587722e-05,0.000761114377744831,0.00915108248565023,"EB_gam_po"
"11013",3e+05,0.8,0.01,0,0.350906849400036,-7.67276660245831e-06,-0.00071733540324769,-0.234258231374031,0.0133655977866724,1.76965207767472e-06,0.000164444458961115,0.0481427352953742,"EB_gam_po"
"12013",30000,0.3,0.001,0,0.761983304406241,-0.00126679102998466,-0.0237696815961547,-0.853138115375767,0.0193447737846194,8.67391372415313e-05,0.00112161567903192,0.0104795049659839,"EB_gam_po"
"13013",3e+05,0.3,0.001,0,0.511389518320427,-6.08100144725661e-05,-0.00373148151629276,-0.603035764802225,0.014481114806622,8.20029572105747e-06,0.00052020183223904,0.059446736049293,"EB_gam_po"
"14013",30000,0.8,0.001,0,0.617266290373053,-0.000883537199165719,-0.0167713975458661,-0.732070099064809,0.0153256443771738,6.92103438460605e-05,0.0011014001982653,0.0225584117550854,"EB_gam_po"
"15013",3e+05,0.8,0.001,0,0.44937265395185,-1.28134007952602e-05,-0.000704930006102418,-0.135762668641133,0.0124228788524798,1.13901208927966e-05,0.000629579189052051,0.119449004067956,"EB_gam_po"
"16013",30000,0.3,0.01,1,0.902120731327199,-0.00167417106117928,-0.0326406353165319,-0.950594060067419,0.00880212119031792,8.11394442288834e-05,0.000983876307098861,0.00437124391191907,"EB_gam_po"
"17013",3e+05,0.3,0.01,1,0.447761902161322,-2.21561028055567e-05,-0.00189630206572924,-0.480099366103537,0.0123422623013318,2.36041615496896e-06,0.000170615817096914,0.026683017728255,"EB_gam_po"
"18013",30000,0.8,0.01,1,0.702098267564634,-0.000829499297353358,-0.0176500302293673,-0.79401684504347,0.0125660920444683,5.32758051014369e-05,0.000723422969121169,0.00869209112487158,"EB_gam_po"
"19013",3e+05,0.8,0.01,1,0.345188185093665,-9.38771700460822e-06,-0.000891825141877169,-0.286167807785636,0.0120870281426843,2.02177665629559e-06,0.000193637922722378,0.0550609759646161,"EB_gam_po"
"20013",30000,0.3,0.001,1,0.75910346133594,-0.00131009741155066,-0.0248208338741534,-0.870135500900309,0.0140497095441414,8.43147813320773e-05,0.00106885675316898,0.00895924503680335,"EB_gam_po"
"21013",3e+05,0.3,0.001,1,0.523716227767792,-6.89790490725717e-05,-0.00433524468501779,-0.671437085616196,0.0149547802231427,6.34210407660933e-06,0.000398753663368028,0.0395235728925501,"EB_gam_po"
"22013",30000,0.8,0.001,1,0.632674364167909,-0.000970709580997732,-0.0187743603360974,-0.781502281843529,0.0158532949224919,6.92776415187816e-05,0.000993384263847082,0.0144295988780056,"EB_gam_po"
"23013",3e+05,0.8,0.001,1,0.463679461837521,-2.9572145586326e-05,-0.00165972461700423,-0.307614341817321,0.012404021467779,8.50945591448236e-06,0.000491285256468197,0.0815309118154443,"EB_gam_po"
"14",30000,0.3,0.01,-1,0.94091182345878,-0.00181387244151598,-0.0340466164929234,-0.951258604826659,0.0096750014665567,0.000108021978013374,0.00142155272919674,0.00756988420653576,"EB_gam_nb"
"1014",3e+05,0.3,0.01,-1,0.578100920386007,-1.89764685916582e-05,-0.00151027884703566,-0.382928728069773,0.00822703218241216,1.70076663808375e-06,0.000117725341860433,0.0210450154501474,"EB_gam_nb"
"2014",30000,0.8,0.01,-1,0.739600202179516,-0.000894483916538427,-0.0172914578414117,-0.750796716121856,0.0137248818513662,5.65189100964759e-05,0.000853749079719029,0.016237953943294,"EB_gam_nb"
"3014",3e+05,0.8,0.01,-1,0.467213877549825,-5.04637707775794e-06,-0.000442776988674231,-0.14346159693088,0.0101825001125221,1.26145486001091e-06,0.000107886139848922,0.0318624801409004,"EB_gam_nb"
"4014",30000,0.3,0.001,-1,0.769798199398447,-0.00118071382002224,-0.0211419277274625,-0.796208644078981,0.0161185577887369,8.46248908436437e-05,0.00124995443998727,0.0206984786009966,"EB_gam_nb"
"5014",3e+05,0.3,0.001,-1,0.595792697832988,-4.42954470542127e-05,-0.00256136897788633,-0.448147266343025,0.0183247981386604,5.3323172814387e-06,0.000314185200549229,0.0447042443932448,"EB_gam_nb"
"6014",30000,0.8,0.001,-1,0.692723301746314,-0.000830739603772757,-0.0154648457830976,-0.69396286523038,0.0210263946038368,6.22192762599292e-05,0.000912385114456504,0.0210794288698517,"EB_gam_nb"
"7014",3e+05,0.8,0.001,-1,0.607038492674552,-1.94640280910032e-05,-0.00107442156614869,-0.210938455218289,0.0169087467918652,3.34544063136074e-06,0.000183145793263696,0.0325231667336388,"EB_gam_nb"
"8014",30000,0.3,0.01,0,0.920376130674031,-0.00173726686148062,-0.0339777566668615,-0.95939103214766,0.0111787835357711,0.000103993248908263,0.00120511486317154,0.00419591398356285,"EB_gam_nb"
"9014",3e+05,0.3,0.01,0,0.579526861494877,-2.31488803712175e-05,-0.00199211119267345,-0.499725765555911,0.00986584704168592,1.65971655024287e-06,0.000105354546003988,0.013026668701172,"EB_gam_nb"
"10014",30000,0.8,0.01,0,0.722051360582132,-0.00087321593796044,-0.0183842405701912,-0.804740924042047,0.0156288741194873,5.42267234833468e-05,0.000758955756704798,0.00909772519124381,"EB_gam_nb"
"11014",3e+05,0.8,0.01,0,0.473686272928983,-9.06419425912202e-06,-0.000857210200946334,-0.277197066247923,0.00929572625192544,1.08710534065408e-06,9.19066336953749e-05,0.0227150766612571,"EB_gam_nb"
"12014",30000,0.3,0.001,0,0.76487379459631,-0.00126741875454905,-0.023794190232252,-0.853578643946279,0.0196078856243667,8.68770304136676e-05,0.00115136704721912,0.0119324526861522,"EB_gam_nb"
"13014",3e+05,0.3,0.001,0,0.615221263958312,-4.27747854037595e-05,-0.00242962858043188,-0.424659122738649,0.0194981767973491,6.00799628866949e-06,0.000345684566259937,0.0488351575424176,"EB_gam_nb"
"14014",30000,0.8,0.001,0,0.685388021653277,-0.000891341261556947,-0.0169866382189987,-0.73890141463081,0.0179232045084584,5.98875239809526e-05,0.000820123113392658,0.0141015848065897,"EB_gam_nb"
"15014",3e+05,0.8,0.001,0,0.620761028439634,-1.74624073774825e-05,-0.000955426749622781,-0.188531109499395,0.0162024653528066,2.73094740898113e-06,0.000150150621520646,0.0277876860300989,"EB_gam_nb"
"16014",30000,0.3,0.01,1,0.901672384466164,-0.00167472217745868,-0.032670906026615,-0.950907823575822,0.00913412222605562,8.11622472445438e-05,0.00099010253273731,0.00449345322883084,"EB_gam_nb"
"17014",3e+05,0.3,0.01,1,0.575167858287729,-2.41880268746201e-05,-0.00210898285066223,-0.524828585547686,0.0105113541915736,1.91690618050735e-06,0.000120039906084684,0.0137724372769557,"EB_gam_nb"
"18014",30000,0.8,0.01,1,0.705197061271198,-0.000828853223675588,-0.0176282421030291,-0.793404399529392,0.0123531759839979,5.31786444375775e-05,0.000722489831200413,0.00885960077039534,"EB_gam_nb"
"19014",3e+05,0.8,0.01,1,0.476926835817419,-1.06318779538686e-05,-0.00102039163922331,-0.324796252715997,0.0104642451738478,1.01637803735187e-06,8.42775569690156e-05,0.0192457089353136,"EB_gam_nb"
"20014",30000,0.3,0.001,1,0.770261284135276,-0.00129575610961842,-0.024349168555712,-0.860790717539115,0.0218794714900101,8.34675449061938e-05,0.00129736851362411,0.0201815251764569,"EB_gam_nb"
"21014",3e+05,0.3,0.001,1,0.63778361223766,-4.24186611975718e-05,-0.00237716585103205,-0.413458471140702,0.0195897014777551,5.36487256320437e-06,0.000323953165508772,0.0480798422265997,"EB_gam_nb"
"22014",30000,0.8,0.001,1,0.689085786069875,-0.000943535672741983,-0.0179826095157164,-0.759855164309824,0.015181453781399,6.73256860306449e-05,0.00105407001835495,0.0229132391358165,"EB_gam_nb"
"23014",3e+05,0.8,0.001,1,0.639759368414711,-1.74628341007554e-05,-0.000939527564580839,-0.182958886516731,0.0171438813482164,2.60560631882647e-06,0.000139808549433065,0.0254257737355721,"EB_gam_nb"
"15",30000,0.3,0.01,-1,0.940209870236061,-0.00181529693295668,-0.0341207863868613,-0.952016994286748,0.00998135752606996,0.000107746139401629,0.0014113633921584,0.00732607044490472,"FIQT"
"1015",3e+05,0.3,0.01,-1,0.477354625416038,-1.16808752493436e-05,-0.000885231827541642,-0.234950711185584,0.00867148196843896,2.14771166040777e-06,0.00015626122922464,0.0352916559724837,"FIQT"
"2015",30000,0.8,0.01,-1,0.712089641042453,-0.000881798100698573,-0.0169270151121938,-0.740083287829766,0.0124953065348572,5.75995481327213e-05,0.000887430414367933,0.0175513004891603,"FIQT"
"3015",3e+05,0.8,0.01,-1,0.433362035757461,-1.6307242339666e-06,-0.000138907512940229,-0.0456070877875714,0.00684927067898744,1.26774803377608e-06,0.000107834689425489,0.0351909575945092,"FIQT"
"4015",30000,0.3,0.001,-1,0.739767131770818,-0.00115188612491703,-0.0203308263119195,-0.776628682569833,0.0126654383257849,8.7069929627585e-05,0.00131382863321991,0.0230963622134981,"FIQT"
"5015",3e+05,0.3,0.001,-1,0.610016250049499,-6.60468561894496e-05,-0.00421545280260617,-0.667873435899189,0.0137586771148405,5.40061332790668e-06,0.00027588689382124,0.0219707626748075,"FIQT"
"6015",30000,0.8,0.001,-1,0.647214095899753,-0.000825580465375584,-0.0153342991434977,-0.689209958966401,0.0142012088565704,7.3349508584637e-05,0.00120622145309185,0.0299824374740524,"FIQT"
"7015",3e+05,0.8,0.001,-1,0.605624028095877,-6.31016150060481e-05,-0.00420697568622972,-0.683751021519559,0.0137708860126073,5.30587690246901e-06,0.000290228397219546,0.0238477894466669,"FIQT"
"8015",30000,0.3,0.01,0,0.91822940028769,-0.00174084397842383,-0.0341862088867303,-0.961346837058768,0.010462201757598,0.000104730889121624,0.0012280770193886,0.00373231849465937,"FIQT"
"9015",3e+05,0.3,0.01,0,0.482184464206253,-2.08241055947073e-05,-0.00175584338089061,-0.449042941226714,0.00994820234892317,1.95992199940067e-06,0.000137744771070437,0.021378323423184,"FIQT"
"10015",30000,0.8,0.01,0,0.689382594875712,-0.000871531625117863,-0.0183258240787459,-0.803127416770922,0.0148933799970788,5.53194946197503e-05,0.000792948149642216,0.00969349150491262,"FIQT"
"11015",3e+05,0.8,0.01,0,0.439557895800013,-8.14191541163846e-06,-0.000762862757366508,-0.248630724915219,0.00723830804480856,1.21553946641535e-06,0.000104154776897063,0.0269526295785083,"FIQT"
"12015",30000,0.3,0.001,0,0.749306280623685,-0.00126472052297473,-0.0237006003309685,-0.851704353312186,0.0144208665923428,8.77465973750242e-05,0.00116322929267875,0.0115794914825942,"FIQT"
"13015",3e+05,0.3,0.001,0,0.616785449020921,-7.05449639536446e-05,-0.0045465031435417,-0.700748319545115,0.0128837915474044,5.5366560610767e-06,0.000277137828591265,0.0198397746165219,"FIQT"
"14015",30000,0.8,0.001,0,0.662201512070577,-0.000926457385031684,-0.0180058487866615,-0.767908673879738,0.0134526778055328,6.43176619155912e-05,0.000936327027923963,0.015234643669505,"FIQT"
"15015",3e+05,0.8,0.001,0,0.604100387059583,-6.34356560477423e-05,-0.00421881274334425,-0.683991196857975,0.0126366471546554,4.85380948479293e-06,0.000262612223266747,0.0219471247542619,"FIQT"
"16015",30000,0.3,0.01,1,0.897378076217727,-0.00167986428195284,-0.0329497310991846,-0.953826568773798,0.00922924262882996,8.13223839122349e-05,0.000980119410421594,0.00385478889005808,"FIQT"
"17015",3e+05,0.3,0.01,1,0.482180074147754,-2.23982397700709e-05,-0.00192089845902343,-0.485546128074153,0.00899116858004274,2.14767225399782e-06,0.000145544824325183,0.0200548144087894,"FIQT"
"18015",30000,0.8,0.01,1,0.666273049644494,-0.000827810552704292,-0.017591463212272,-0.792341620207968,0.012265661089691,5.41023131106853e-05,0.000744644835295658,0.00863351384550377,"FIQT"
"19015",3e+05,0.8,0.01,1,0.446676560245823,-1.09150260576792e-05,-0.00105036411975349,-0.333320787607165,0.00738884796969266,1.06484761129035e-06,8.6723955027239e-05,0.0187686006219289,"FIQT"
"20015",30000,0.3,0.001,1,0.759243588503264,-0.00130846933246622,-0.0247617955202079,-0.868998250063343,0.0132482143828776,8.55646929533465e-05,0.0011067672005002,0.00936188748548882,"FIQT"
"21015",3e+05,0.3,0.001,1,0.63022290037807,-7.76107170834322e-05,-0.00512671851573004,-0.755875363399057,0.0155766232621319,5.0985739644761e-06,0.000237410711559044,0.0130112821457319,"FIQT"
"22015",30000,0.8,0.001,1,0.678776931437615,-0.00100556578182208,-0.0198720244352438,-0.809796539545829,0.0134074453315786,6.67355943706128e-05,0.000917676348309161,0.0116450678866007,"FIQT"
"23015",3e+05,0.8,0.001,1,0.616321369763296,-7.01599655815723e-05,-0.00473829908089875,-0.734522865697518,0.0129135070299527,4.84040850360191e-06,0.000237884876679049,0.0143949969640486,"FIQT"
"16",30000,0.3,0.01,-1,0.971055580232088,-0.00170639182036299,-0.0295103066824099,-0.895007617767456,0.00701796809751288,9.75108195778064e-05,0.000953720956296414,0.00568519837474624,"BR"
"1016",3e+05,0.3,0.01,-1,0.517581905994622,-1.42293149386362e-05,-0.00109609348687157,-0.286615774307192,0.00844666707554464,2.03298253597709e-06,0.000147650489826886,0.0312687894920758,"BR"
"2016",30000,0.8,0.01,-1,0.753048028940973,-0.00087377892183339,-0.0166984594239588,-0.73353455023003,0.0126193573214295,5.16155941148708e-05,0.000699281112893355,0.012390731295399,"BR"
"3016",3e+05,0.8,0.01,-1,0.494760092048922,-5.84581821428644e-06,-0.00051629700203838,-0.166510763982444,0.0072557956376354,1.05717440981162e-06,8.91584938568379e-05,0.0253997152277301,"BR"
"4016",30000,0.3,0.001,-1,0.757536209041019,-0.00108054966312716,-0.0184539593184457,-0.72862628222425,0.0132395446863071,7.73859406638638e-05,0.0010031337971588,0.0172935436209262,"BR"
"5016",3e+05,0.3,0.001,-1,0.564001484714467,-5.50446805142146e-05,-0.00332345892641124,-0.556611567335094,0.0160781578236945,4.60544175474537e-06,0.00021792245240799,0.0206552919889094,"BR"
"6016",30000,0.8,0.001,-1,0.627819963637007,-0.000750677625696052,-0.0134758922871294,-0.62667499563457,0.0134674380717751,6.80566795614027e-05,0.00106370670210342,0.0292357791231147,"BR"
"7016",3e+05,0.8,0.001,-1,0.55896354441406,-5.25608511225667e-05,-0.00330433601653007,-0.569494998700397,0.0183635174717336,4.49484477695286e-06,0.000221013143068176,0.0206847338211811,"BR"
"8016",30000,0.3,0.01,0,0.951443591643814,-0.00161437190567528,-0.0285337999943205,-0.891599751391209,0.00782251188038755,9.44682980035389e-05,0.00089524479535342,0.00537023428015148,"BR"
"9016",3e+05,0.3,0.01,0,0.522069437458625,-2.12552798227731e-05,-0.00179886519299603,-0.458556069341984,0.00997028957741792,1.79119805946496e-06,0.000120362075457286,0.0172427770062509,"BR"
"10016",30000,0.8,0.01,0,0.726294739029904,-0.000831116640621134,-0.0170025167692378,-0.766009957478736,0.0143309532231019,5.00572396788092e-05,0.000630939790818349,0.00675851885352007,"BR"
"11016",3e+05,0.8,0.01,0,0.49864235531711,-1.01672707270612e-05,-0.000972119148986226,-0.311049142984723,0.00747957488074808,1.06998472554629e-06,8.80084358791326e-05,0.0199729789467907,"BR"
"12016",30000,0.3,0.001,0,0.766751138311478,-0.00116524428316928,-0.0206540291370359,-0.784798187025992,0.0150626981117458,7.84450247875509e-05,0.000884388127012232,0.00850730236579988,"BR"
"13016",3e+05,0.3,0.001,0,0.57503328076185,-5.92661965225323e-05,-0.00359861250958255,-0.588641917912324,0.0148484038712413,4.72124469530843e-06,0.000209555572238693,0.0163385957509934,"BR"
"14016",30000,0.8,0.001,0,0.64133161215891,-0.000836479302278879,-0.0155000623947994,-0.693242231315544,0.0129584821750823,6.02825361800968e-05,0.000830493355996283,0.0156216888774172,"BR"
"15016",3e+05,0.8,0.001,0,0.565759642512773,-5.28477041117637e-05,-0.0033145502959978,-0.56987774853867,0.0190932348347773,3.97124141194174e-06,0.000189127295336938,0.0178827419006383,"BR"
"16016",30000,0.3,0.01,1,0.931648279182739,-0.00155380527900774,-0.0275634034793796,-0.882266027546596,0.0088608129070514,7.49809156163298e-05,0.000777286617897734,0.00526942696720684,"BR"
"17016",3e+05,0.3,0.01,1,0.518440199356243,-2.23074437660423e-05,-0.00191173867465958,-0.483778124428787,0.0104734776129557,1.96472942253693e-06,0.000126663689625523,0.0161889886616651,"BR"
"18016",30000,0.8,0.01,1,0.699323995611775,-0.000786065340373322,-0.0162364579697284,-0.752489835598114,0.012307325747623,4.93604391147417e-05,0.000603973917713379,0.00587109523753188,"BR"
"19016",3e+05,0.8,0.01,1,0.504569945255458,-1.21259222897774e-05,-0.00118214172004677,-0.370592151773197,0.00878491272013946,9.49729760911199e-07,7.30542267035311e-05,0.0138919887917533,"BR"
"20016",30000,0.3,0.001,1,0.773110520312861,-0.00119950820556604,-0.0213022754573482,-0.796682969065016,0.0131914095865153,7.70170260841647e-05,0.000853129673924068,0.00746457021212471,"BR"
"21016",3e+05,0.3,0.001,1,0.591862702577172,-6.47939108159798e-05,-0.00397735324849953,-0.631033457393346,0.0160188593535323,4.2638460067615e-06,0.000173113237940799,0.0104736327067495,"BR"
"22016",30000,0.8,0.001,1,0.654362896929119,-0.00089969498295657,-0.0167424715232845,-0.724537423352545,0.0130927886224962,5.99716693367533e-05,0.000748744706418006,0.0115014159254113,"BR"
"23016",3e+05,0.8,0.001,1,0.582252308351421,-5.83600196740162e-05,-0.00367711611188626,-0.610975858589412,0.0199821540368332,4.03312581562223e-06,0.000173479115439107,0.0116261790622763,"BR"
"17",30000,0.3,0.01,-1,0.968368103421818,-0.00158706599861767,-0.0257974166083292,-0.832436391739322,0.0074066046882254,9.36549062312739e-05,0.00107810724847242,0.0146288120349233,"cl1"
"1017",3e+05,0.3,0.01,-1,0.606382354773131,-1.11450488837709e-05,-0.000842024736889942,-0.223895038792818,0.00762183661977861,2.45946439258102e-06,0.000181850212383225,0.0419963295514131,"cl1"
"2017",30000,0.8,0.01,-1,0.797729221435706,-0.000812678582926636,-0.0150656918451297,-0.682073849417284,0.0106805022267722,5.72677424626819e-05,0.000935037103158606,0.0238730150143976,"cl1"
"3017",3e+05,0.8,0.01,-1,0.561532514995193,-4.12878594542587e-06,-0.000359699069958419,-0.116968293243293,0.00697417249096154,1.54007837218415e-06,0.000132896811205316,0.0405966587152857,"cl1"
"4017",30000,0.3,0.001,-1,0.838376413190928,-0.00113484422716476,-0.0198785551869325,-0.765502743495727,0.0119398895094729,8.00188413610353e-05,0.00122938542001176,0.0256613631128683,"cl1"
"5017",3e+05,0.3,0.001,-1,0.710594372140381,-7.20325030073353e-05,-0.00476601596405301,-0.728759239126212,0.0127375140508675,5.23326176269357e-06,0.00026825281101013,0.019679913685892,"cl1"
"6017",30000,0.8,0.001,-1,0.76046295405044,-0.000874539543538662,-0.0166561881524765,-0.730660817681285,0.0131795593427415,6.54202138546987e-05,0.00106935855280986,0.0257070767745885,"cl1"
"7017",3e+05,0.8,0.001,-1,0.692781686220395,-6.7548662812264e-05,-0.00463798790369098,-0.732433530750207,0.0138521788669221,4.92622929398196e-06,0.000266830140370163,0.02093019493097,"cl1"
"8017",30000,0.3,0.01,0,0.95559641543213,-0.0015205863634438,-0.0255362037054819,-0.839909692437305,0.00825686882430973,9.05857914392079e-05,0.00110765506045877,0.0169819929755605,"cl1"
"9017",3e+05,0.3,0.01,0,0.610808337037188,-2.08366280757127e-05,-0.00175759560683361,-0.449220154588135,0.00859142429593739,2.18189603408247e-06,0.000164513618628861,0.0284869492151667,"cl1"
"10017",30000,0.8,0.01,0,0.784928296167948,-0.000812821973908744,-0.0164442474161474,-0.749056393160492,0.0136370854097825,5.33015543203864e-05,0.000817588923538952,0.0166780550809321,"cl1"
"11017",3e+05,0.8,0.01,0,0.563731883429237,-8.86699633091122e-06,-0.000837083890983124,-0.270678871833546,0.00642359602501853,1.52860805418009e-06,0.000137739468024173,0.0365268629543939,"cl1"
"12017",30000,0.3,0.001,0,0.842545015773702,-0.00118948741540137,-0.0213609530647981,-0.801253964910207,0.0129468831750138,8.02790674530265e-05,0.00107018712366926,0.0173833212431697,"cl1"
"13017",3e+05,0.3,0.001,0,0.715992937573048,-7.43184014107609e-05,-0.00490578209510345,-0.738652635174898,0.0128662104430378,5.3463142740082e-06,0.000287090068995145,0.0231140715235807,"cl1"
"14017",30000,0.8,0.001,0,0.771628616369151,-0.000925893298509257,-0.0180010497997569,-0.767752154838565,0.0127085762286839,6.04299775220715e-05,0.000946154813118073,0.0197168599532761,"cl1"
"15017",3e+05,0.8,0.001,0,0.693605592649507,-6.81684508555678e-05,-0.00467789628497823,-0.735267922361858,0.0116168930991278,4.88698194669997e-06,0.000281661718572302,0.0234658653844358,"cl1"
"16017",30000,0.3,0.01,1,0.941569048865374,-0.00146876795900527,-0.0248900242008183,-0.834235104459349,0.00810600850822559,6.74521499308404e-05,0.000926405415555254,0.0172401618583885,"cl1"
"17017",3e+05,0.3,0.01,1,0.61258956792087,-2.42601336885076e-05,-0.00211683494180467,-0.52586975066363,0.00894393007150353,2.46235633376629e-06,0.000183243660786889,0.0272560742789034,"cl1"
"18017",30000,0.8,0.01,1,0.769864174455471,-0.000782946511650208,-0.0161497899430007,-0.749503864023724,0.0109429680507478,5.22235300962467e-05,0.000825078881612231,0.0186994308898506,"cl1"
"19017",3e+05,0.8,0.01,1,0.569903162396269,-1.31734010594001e-05,-0.00129920988424644,-0.402226481074656,0.00723154555734108,1.39558922379189e-06,0.000124337922203914,0.0270852871479013,"cl1"
"20017",30000,0.3,0.001,1,0.847872548683936,-0.00121838225411285,-0.0218691991516578,-0.809467539935814,0.011068953874215,7.58656283784815e-05,0.000995515220296227,0.0169705250468017,"cl1"
"21017",3e+05,0.3,0.001,1,0.725853753478756,-7.91088619489387e-05,-0.00528239355193165,-0.770736060958246,0.0134869048072408,4.9737739141424e-06,0.000258188410066754,0.0190317560480839,"cl1"
"22017",30000,0.8,0.001,1,0.78099612868128,-0.000984709032307224,-0.0192194948189298,-0.79322491528569,0.0140527666721104,6.35938710313774e-05,0.000940000034795092,0.0177258269783978,"cl1"
"23017",3e+05,0.8,0.001,1,0.706521240547919,-7.24252933850451e-05,-0.0049709933789616,-0.758551954607942,0.013390220732785,4.61454828836165e-06,0.000233161302200725,0.016500941025125,"cl1"
"18",30000,0.3,0.01,-1,0.991108794098075,-0.0013395516619644,-0.0198487169404177,-0.702699387852044,0.00364792565832104,7.39548721283533e-05,0.00059171130952144,0.00773286678717702,"cl2"
"1018",3e+05,0.3,0.01,-1,0.609997676214614,-1.77711207141377e-05,-0.00140215492723631,-0.358454437201571,0.00789521331604132,1.78583187706521e-06,0.000125574664505046,0.0233895154068872,"cl2"
"2018",30000,0.8,0.01,-1,0.851154054788755,-0.000781722599717803,-0.0142792352166422,-0.656418388503327,0.0105377514623609,4.24055097561773e-05,0.000491263156993717,0.00994198750142381,"cl2"
"3018",3e+05,0.8,0.01,-1,0.552287763335815,-6.91405637647736e-06,-0.000629119894169156,-0.197195208530782,0.00670362705259773,5.03533353228724e-06,0.000381164890434554,0.139913422338234,"cl2"
"4018",30000,0.3,0.001,-1,0.839525121427617,-0.000964030007072632,-0.0157321931978808,-0.65032203689863,0.0114582986097994,6.18762610406913e-05,0.000667792814680904,0.0125945760459572,"cl2"
"5018",3e+05,0.3,0.001,-1,0.695854203159885,-5.99616350029505e-05,-0.00370600545236067,-0.606667936406882,0.0129445674783087,4.17272789634151e-06,0.000170061300222097,0.011842277790719,"cl2"
"6018",30000,0.8,0.001,-1,0.755872359339458,-0.000740248404480776,-0.0132267214932338,-0.618507438950279,0.013250778530688,5.1538263977759e-05,0.000646142359678547,0.0152872676762306,"cl2"
"7018",3e+05,0.8,0.001,-1,0.676806268482827,-5.56250045575589e-05,-0.00355449817813538,-0.602826851088359,0.0148972948958033,4.88301686477447e-06,0.000258963151253234,0.0309997074635619,"cl2"
"8018",30000,0.3,0.01,0,0.981857264782977,-0.00126720541929319,-0.0192359150966125,-0.699957286242832,0.00535835081332558,7.26005740580156e-05,0.000599300210291879,0.00878139155744813,"cl2"
"9018",3e+05,0.3,0.01,0,0.6154265735359,-2.28889079771281e-05,-0.00196517986828504,-0.494079683641644,0.00862135042571325,1.68481091865264e-06,0.000109187359902733,0.0143054843005411,"cl2"
"10018",30000,0.8,0.01,0,0.826679203301477,-0.000727098349343658,-0.0140204905947734,-0.670299376118567,0.0124313638911066,4.12951260965401e-05,0.000464504080077681,0.00815615980409406,"cl2"
"11018",3e+05,0.8,0.01,0,0.554752161504618,-1.13590180399134e-05,-0.00110035040302139,-0.347581386800453,0.00660175369352266,1.40039210707464e-06,0.000126207413400483,0.0323663375574491,"cl2"
"12018",30000,0.3,0.001,0,0.844052024145725,-0.000995862379347147,-0.0164201425426357,-0.670887838681448,0.0127298510538317,6.36434892601417e-05,0.000622661334419072,0.00885415089752999,"cl2"
"13018",3e+05,0.3,0.001,0,0.70230402710262,-6.23984196203981e-05,-0.00384808725974645,-0.620186420177028,0.0131090114880389,4.22677808117823e-06,0.000170204540053315,0.0126428780266869,"cl2"
"14018",30000,0.8,0.001,0,0.76751554829612,-0.000779162369877126,-0.0140653629907743,-0.646105588099625,0.0126786716342725,4.78284298890934e-05,0.00054550956699845,0.0102143523594878,"cl2"
"15018",3e+05,0.8,0.001,0,0.680042677826734,-5.6165145843889e-05,-0.00358851578062793,-0.605870785656367,0.0116186732743072,5.12745625566073e-06,0.000302352943447904,0.040054868073175,"cl2"
"16018",30000,0.3,0.01,1,0.970158291859769,-0.00122612364801587,-0.0188358383271816,-0.696363483256982,0.00611634634627678,5.47153037492233e-05,0.000464150196296083,0.00864726240426626,"cl2"
"17018",3e+05,0.3,0.01,1,0.615797385262703,-2.39154241525038e-05,-0.00208186451861386,-0.519025298497818,0.00872335906373119,2.24761280413881e-06,0.000169965920796795,0.0308884525454921,"cl2"
"18018",30000,0.8,0.01,1,0.802897555183781,-0.000692904418061279,-0.0135654914052588,-0.663464468508766,0.00936986806262103,4.14636607301866e-05,0.00047733818420274,0.00924135295221215,"cl2"
"19018",3e+05,0.8,0.01,1,0.560223333781072,-1.37051847229128e-05,-0.00136062300651662,-0.418760651311739,0.00758242389753409,1.43166182055602e-06,0.000130924890189016,0.0322452614598989,"cl2"
"20018",30000,0.3,0.001,1,0.848641741039673,-0.00101414736308765,-0.0166324574907245,-0.673761230815352,0.0109963847454513,6.1363627849571e-05,0.000589578588152216,0.00906856617307858,"cl2"
"21018",3e+05,0.3,0.001,1,0.714849243910622,-6.59399517979706e-05,-0.00407211905810528,-0.642431512385286,0.0135242405050396,3.94875004768639e-06,0.000150637840420178,0.009992035948983,"cl2"
"22018",30000,0.8,0.001,1,0.776284156080606,-0.000819688140274936,-0.014694007506841,-0.660297903727417,0.0136710582010494,5.06260631458408e-05,0.000545176372520378,0.00875655329665382,"cl2"
"23018",3e+05,0.8,0.001,1,0.691295829436955,-6.03166800046549e-05,-0.00384054894597864,-0.631711385710129,0.0121942498472501,3.74195826620017e-06,0.000147725405429408,0.00921225158461828,"cl2"
"19",30000,0.3,0.01,-1,0.981906077761899,-0.00150620245425736,-0.0236555575739756,-0.790076512103252,0.00572245731974681,8.59075859834606e-05,0.000841238387754525,0.0116088803186886,"cl3"
"1019",3e+05,0.3,0.01,-1,0.606588958213639,-1.61842984667497e-05,-0.0012630589231894,-0.326100116664394,0.00777333459496092,2.11903026912445e-06,0.000155216915098129,0.0312779729193001,"cl3"
"2019",30000,0.8,0.01,-1,0.823732683385026,-0.000830995382388242,-0.0155385804938371,-0.697651192237086,0.00997311283980824,5.04973195852695e-05,0.000724763463542806,0.0164876609755386,"cl3"
"3019",3e+05,0.8,0.01,-1,0.557570862160612,-6.74188024829929e-06,-0.000601100564377981,-0.191977663743949,0.00674857578149646,1.77760946076866e-06,0.000154476194848621,0.0463478675886963,"cl3"
"4019",30000,0.3,0.001,-1,0.838575900539869,-0.00108297096339894,-0.0185220785365054,-0.730547706146109,0.0117574320731682,7.2273188091559e-05,0.000949370108435992,0.019203579895728,"cl3"
"5019",3e+05,0.3,0.001,-1,0.708681946311959,-6.80106185950899e-05,-0.00438977273285956,-0.688104892638902,0.0128547314260544,4.796756503515e-06,0.000220690747037137,0.0157563908457346,"cl3"
"6019",30000,0.8,0.001,-1,0.758448184752684,-0.000833592598807937,-0.0155414482302827,-0.696497624176006,0.0133084891327684,5.94827396649179e-05,0.000861476074271702,0.020439447118481,"cl3"
"7019",3e+05,0.8,0.001,-1,0.691522895691372,-6.34299438731058e-05,-0.00423785518581291,-0.687698797163455,0.0138332131596876,4.69127118961908e-06,0.000237237916661633,0.019304823337592,"cl3"
"8019",30000,0.3,0.01,0,0.970312278327463,-0.00143338951503392,-0.023131579522119,-0.791761806348326,0.00662561513281016,8.34774172373223e-05,0.000852831891500884,0.0135471820872655,"cl3"
"9019",3e+05,0.3,0.01,0,0.611671612397642,-2.32847207323093e-05,-0.00200627427973701,-0.502411893198058,0.00883704361259467,1.96205470228972e-06,0.000139940776405582,0.0207601351412505,"cl3"
"10019",30000,0.8,0.01,0,0.805371331683685,-0.000797257997155131,-0.0159774678220224,-0.734862971090732,0.0131879829642164,4.84418627235747e-05,0.000658349746605081,0.0126816195227213,"cl3"
"11019",3e+05,0.8,0.01,0,0.560438082418747,-1.11273544333418e-05,-0.00107469399433583,-0.340271529604534,0.00632966018489703,1.35857548736944e-06,0.000119932277594607,0.0283864145587979,"cl3"
"12019",30000,0.3,0.001,0,0.842725138917897,-0.00112492368989364,-0.0195670569025628,-0.757814694399698,0.0128178779318476,7.35411644046668e-05,0.000851498231001274,0.0135673282238851,"cl3"
"13019",3e+05,0.3,0.001,0,0.714355752172001,-7.04926790793066e-05,-0.00454307985429336,-0.700646105287498,0.0126055735106327,4.88358337788863e-06,0.000229406584819045,0.017920099919801,"cl3"
"14019",30000,0.8,0.001,0,0.77002650822715,-0.000879025731411093,-0.0166476195199558,-0.728918752776319,0.0129552431859954,5.5247725236217e-05,0.000749345719757489,0.0152391931127018,"cl3"
"15019",3e+05,0.8,0.001,0,0.692247520293502,-6.41885775736897e-05,-0.00428974439595551,-0.692389400759293,0.0115427255196791,4.48023818717681e-06,0.000236792379194315,0.0206870640861869,"cl3"
"16019",30000,0.3,0.01,1,0.957827050720334,-0.00138560885665243,-0.0225964135215632,-0.786986287398146,0.00748179163276515,6.23947659427911e-05,0.000693591286626936,0.0137408441409393,"cl3"
"17019",3e+05,0.3,0.01,1,0.612803546586441,-2.54334276145772e-05,-0.00224434291080357,-0.551673625411711,0.00873912501655251,2.2414623526808e-06,0.000158725383551694,0.0214985844987932,"cl3"
"18019",30000,0.8,0.01,1,0.785373503064452,-0.000763526264843865,-0.0155569553156061,-0.731018955239349,0.0104865468143999,4.79717701986153e-05,0.000669198930282442,0.0144984226147261,"cl3"
"19019",3e+05,0.8,0.01,1,0.567223143059667,-1.43591706875712e-05,-0.00143551130320332,-0.438698143374811,0.00761948478204954,1.27919951363452e-06,0.00011032848688427,0.0219633627264769,"cl3"
"20019",30000,0.3,0.001,1,0.847708353383771,-0.0011484137961748,-0.0199079527325566,-0.762983994330248,0.011196300554537,7.02581504104103e-05,0.000799240547363608,0.0135260459297456,"cl3"
"21019",3e+05,0.3,0.001,1,0.724595259643877,-7.47061900415464e-05,-0.00484611597532153,-0.727857796409213,0.0138842258244354,4.55417354593196e-06,0.000205424665198602,0.0149028407516527,"cl3"
"22019",30000,0.8,0.001,1,0.779688134178849,-0.000928822303858349,-0.0175538321101869,-0.74822146489843,0.0138774271402728,5.84160368660372e-05,0.000746219559453075,0.013673612080106,"cl3"
"23019",3e+05,0.8,0.001,1,0.704844772241175,-6.83432854615475e-05,-0.00456189424885232,-0.715797705994787,0.0134394989429039,4.27511034019886e-06,0.000192171247946385,0.0129915648783349,"cl3"
"110",30000,0.3,0.01,-1,0.982149098912372,-0.00175056419523344,-0.0311768294834986,-0.91810819660835,0.00526643719719813,0.000103228939975217,0.00120943364852163,0.00854038809578366,"rep"
"10110",3e+05,0.3,0.01,-1,0.601198164791729,-3.37455510301447e-05,-0.00306643991049912,-0.681461285692691,0.00766077027385584,2.17038945206245e-06,0.000160205952959223,0.0172808820184309,"rep"
"20110",30000,0.8,0.01,-1,0.832279064922655,-0.00103500502050621,-0.0220231670162668,-0.868966401104361,0.010551958968993,5.79729429321613e-05,0.000867672670019507,0.00961433506801297,"rep"
"30110",3e+05,0.8,0.01,-1,0.550504727158752,-1.92434314279219e-05,-0.00194733989907496,-0.549682878276603,0.00642542194137503,1.49729877914423e-06,0.00013195057938792,0.0224711407014808,"rep"
"40110",30000,0.3,0.001,-1,0.834110314836458,-0.00132621052050455,-0.026011561113661,-0.894717964828768,0.0120665738298366,8.08698294308008e-05,0.00103535122782231,0.00940732094724443,"rep"
"50110",3e+05,0.3,0.001,-1,0.704787729725047,-8.3236456478596e-05,-0.00599357970237821,-0.842118253182294,0.0137463194715054,5.76463669585402e-06,0.000301850279273421,0.0131883714384184,"rep"
"60110",30000,0.8,0.001,-1,0.755179087398094,-0.0010405103959437,-0.0220996096466893,-0.869440027110487,0.011760497239544,6.82931747266782e-05,0.00100691851711088,0.0113954432359159,"rep"
"70110",3e+05,0.8,0.001,-1,0.690753580586412,-7.65611343092349e-05,-0.00564712264751909,-0.830134314533515,0.0120181263575041,5.34171682705607e-06,0.000284494580297104,0.0140974255698235,"rep"
"80110",30000,0.3,0.01,0,0.971562946746988,-0.0016666904669894,-0.0305491050736339,-0.920416456096678,0.00621834062728396,0.000100463546270932,0.00111664083663502,0.00712761238346735,"rep"
"90110",3e+05,0.3,0.01,0,0.606286659168421,-3.56164395279322e-05,-0.00353605054208918,-0.769214139628024,0.00879342277591104,2.19685157021877e-06,0.000157336877086612,0.0118151870042354,"rep"
"100110",30000,0.8,0.01,0,0.811552351849862,-0.000967516663793205,-0.0221048717988169,-0.891838632830625,0.0127256189763527,5.62018795515171e-05,0.000816896722897657,0.00741359309331937,"rep"
"110110",3e+05,0.8,0.01,0,0.556942612656685,-2.12788573822477e-05,-0.00234340842793841,-0.651984937235009,0.00654818073246383,1.43643483508287e-06,0.000126780755856907,0.0167357653626824,"rep"
"120110",30000,0.3,0.001,0,0.840555927515048,-0.00134757516888571,-0.0268362543429865,-0.907899070368621,0.0129032609313254,8.37601321599744e-05,0.00103710753612927,0.00870432454883091,"rep"
"130110",3e+05,0.3,0.001,0,0.71197531768777,-8.65945072760273e-05,-0.00628621284330899,-0.860644352866727,0.0129769774051461,5.69031153936574e-06,0.000268331150510728,0.0092673841545713,"rep"
"140110",30000,0.8,0.001,0,0.766444288408657,-0.00107223378766235,-0.0231686023336112,-0.889202036295147,0.011909352519381,6.30147690514342e-05,0.000876745408511569,0.00908866065580566,"rep"
"150110",3e+05,0.8,0.001,0,0.694475023238637,-7.82413880580496e-05,-0.0058263043006963,-0.844021879049592,0.0118308572489451,5.00065985289889e-06,0.000254632015499773,0.011259159148443,"rep"
"160110",30000,0.3,0.01,1,0.960466737746782,-0.00162203856929105,-0.0301768588306247,-0.921070064052982,0.00728239278589263,7.62812566502956e-05,0.000847746594555373,0.00664469141496402,"rep"
"170110",3e+05,0.3,0.01,1,0.607998243845389,-3.65335931755366e-05,-0.00370013298727703,-0.793054552884762,0.00941702958705162,2.56427388213208e-06,0.000184871957158575,0.0116830894037702,"rep"
"180110",30000,0.8,0.01,1,0.789666471374254,-0.000932190196809209,-0.0217201591527878,-0.892529473696079,0.0108147182714973,5.58905223586648e-05,0.000770983847514722,0.00666802603475016,"rep"
"190110",3e+05,0.8,0.01,1,0.563566432099971,-2.30270639884583e-05,-0.00260886560753101,-0.704222009780485,0.00766005882103311,1.41011369746683e-06,0.00012227405949349,0.0134157790552374,"rep"
"200110",30000,0.3,0.001,1,0.846113115785845,-0.00137141691452139,-0.0272283611591828,-0.911047959509357,0.0107249094101442,8.33507620742721e-05,0.00103852904416867,0.00781019838293725,"rep"
"210110",3e+05,0.3,0.001,1,0.723180941890788,-9.01702515654032e-05,-0.00659925313443951,-0.878413940261903,0.0129779038356727,5.43724025675149e-06,0.000262509618512596,0.00877021768055279,"rep"
"220110",30000,0.8,0.001,1,0.777431579083378,-0.00111376324954159,-0.0239353823190086,-0.897153300526966,0.0116731672940807,6.83906013080357e-05,0.000943305003136234,0.0078716360020784,"rep"
"230110",3e+05,0.8,0.001,1,0.70248080668059,-8.26099875679597e-05,-0.00618383170405058,-0.865150109380775,0.0127575252214665,5.12201484592096e-06,0.000256468244690065,0.00965540780499236,"rep"
