"","sim","n_samples","h2","prop_effect","S","n_sig","prop_bias","prop_x","mse"
"1",1,30000,0.3,0.01,0,16425,0.996407914764079,0.840608828006088,0.000848938412008176
"2",2,30000,0.3,0.01,0,16768,0.994513358778626,0.846314408396947,0.000847993850511844
"3",3,30000,0.3,0.01,0,16690,0.995686039544638,0.850509286998202,0.000848695544482847
"4",4,30000,0.3,0.01,0,16072,0.992844698855152,0.833561473369836,0.000831222471479891
"5",5,30000,0.3,0.01,0,16878,0.996385827704704,0.829719161038038,0.000812340583704255
"6",6,30000,0.3,0.01,0,16499,0.991150978847203,0.830353354748773,0.000860563560547419
"7",7,30000,0.3,0.01,0,16450,0.997325227963526,0.846565349544073,0.000872677854505157
"8",8,30000,0.3,0.01,0,16026,0.997067265693248,0.837826032696868,0.000841201352098954
"9",9,30000,0.3,0.01,0,17177,0.995167957152006,0.841474064155557,0.000863755979198818
"10",10,30000,0.3,0.01,0,17463,0.994731718490523,0.839145622172593,0.000855023718696422
"11",11,30000,0.3,0.01,0,17039,0.995128822113974,0.845296085451024,0.000845404587347259
"12",12,30000,0.3,0.01,0,16178,0.99715663246384,0.843614785511188,0.000830765870333305
"13",13,30000,0.3,0.01,0,16655,0.997418192734914,0.854878414890423,0.000841276935129556
"14",14,30000,0.3,0.01,0,15663,0.995594713656388,0.844091170273894,0.000831407864600245
"15",15,30000,0.3,0.01,0,16499,0.995514879689678,0.842657130735196,0.000840656789535361
"16",16,30000,0.3,0.01,0,15418,0.994422104034246,0.832014528473213,0.000835485779402433
"17",17,30000,0.3,0.01,0,16771,0.997197543378451,0.861785224494663,0.000870237187411997
"18",18,30000,0.3,0.01,0,16250,0.994646153846154,0.850461538461538,0.00086533076755083
"19",19,30000,0.3,0.01,0,17698,0.99350209063171,0.83523561984405,0.000830221856605964
"20",20,30000,0.3,0.01,0,16629,0.995249263335137,0.830537013650851,0.000824393295880062
"21",21,30000,0.3,0.01,0,17572,0.992431140450717,0.838208513544275,0.00084136469324898
"22",22,30000,0.3,0.01,0,17369,0.995336519085727,0.819793885658357,0.000832971347361378
"23",23,30000,0.3,0.01,0,17037,0.995597816516992,0.844456183600399,0.000862623083556185
"24",24,30000,0.3,0.01,0,16196,0.988947888367498,0.839281304025685,0.000838474615646066
"25",25,30000,0.3,0.01,0,16867,0.996502045414122,0.820892867729887,0.000833852930219937
"26",26,30000,0.3,0.01,0,16487,0.995572269060472,0.854309455934979,0.000851645493900451
"27",27,30000,0.3,0.01,0,16946,0.99657736338959,0.842322672016995,0.000845340412679012
"28",28,30000,0.3,0.01,0,17080,0.996838407494145,0.853161592505855,0.000851209438691291
"29",29,30000,0.3,0.01,0,16648,0.996035559827006,0.835595867371456,0.000807687760789289
"30",30,30000,0.3,0.01,0,16714,0.996888835706593,0.825774799569223,0.000818935222459071
"31",31,30000,0.3,0.01,0,16701,0.994431471169391,0.84036884018921,0.000855260430576627
"32",32,30000,0.3,0.01,0,17277,0.993517393065926,0.844822596515599,0.000828351326338054
"33",33,30000,0.3,0.01,0,16787,0.99505569786144,0.85256448442247,0.000847388659880455
"34",34,30000,0.3,0.01,0,16418,0.995614569375076,0.84833719088805,0.000819087081799355
"35",35,30000,0.3,0.01,0,16852,0.997507714217897,0.856990268217422,0.000839222144983192
"36",36,30000,0.3,0.01,0,17978,0.997107575926132,0.839971075759261,0.000847249996939201
"37",37,30000,0.3,0.01,0,17755,0.994480428048437,0.830301323570825,0.000818266042352682
"38",38,30000,0.3,0.01,0,16254,0.996247077642426,0.856343054017473,0.000853996532138577
"39",39,30000,0.3,0.01,0,16244,0.997537552327013,0.835754740211771,0.000845684333667331
"40",40,30000,0.3,0.01,0,16666,0.992859714388576,0.841533661346454,0.000858340154137902
"41",41,30000,0.3,0.01,0,16921,0.994326576443473,0.840553158796761,0.000866654090790904
"42",42,30000,0.3,0.01,0,16665,0.996279627962796,0.842184218421842,0.000853745770315019
"43",43,30000,0.3,0.01,0,17841,0.995403845075949,0.843338377893616,0.000844049186556064
"44",44,30000,0.3,0.01,0,16947,0.994925355520151,0.851419130229539,0.000851052285318766
"45",45,30000,0.3,0.01,0,17112,0.993688639551192,0.835320243104254,0.000850852048659515
"46",46,30000,0.3,0.01,0,16682,0.996403308955761,0.840067138232826,0.000837462096388691
"47",47,30000,0.3,0.01,0,16859,0.997449433536983,0.847618482709532,0.000842599736523069
"48",48,30000,0.3,0.01,0,16790,0.992078618225134,0.835259082787373,0.000826931370505442
"49",49,30000,0.3,0.01,0,15808,0.990321356275304,0.808008603238866,0.000797948817085752
"50",50,30000,0.3,0.01,0,16343,0.995533255828183,0.838524138775011,0.00085197585003149
"51",51,30000,0.3,0.01,0,16021,0.993071593533487,0.823481680294613,0.000816867040426998
"52",52,30000,0.3,0.01,0,16717,0.99473589758928,0.840521624693426,0.000853330885846958
"53",53,30000,0.3,0.01,0,16948,0.99250649044135,0.839214066556526,0.000847130298278037
"54",54,30000,0.3,0.01,0,18085,0.990710533591374,0.840088471108654,0.000856281418436106
"55",55,30000,0.3,0.01,0,16721,0.99431852161952,0.836493032713355,0.000839400833515281
"56",56,30000,0.3,0.01,0,16378,0.994565881059958,0.844730736353645,0.00086001246570753
"57",57,30000,0.3,0.01,0,16488,0.996360989810771,0.84946627850558,0.000855968245484522
"58",58,30000,0.3,0.01,0,16709,0.996648512777545,0.848524747142259,0.000879380853235374
"59",59,30000,0.3,0.01,0,18188,0.9957664394106,0.850670771937541,0.000842321192754158
"60",60,30000,0.3,0.01,0,15659,0.996232198735551,0.834344466441024,0.000840731707410086
"61",61,30000,0.3,0.01,0,16920,0.995567375886525,0.822695035460993,0.000845495658491327
"62",62,30000,0.3,0.01,0,17115,0.991118901548349,0.82646801051709,0.000819897340166571
"63",63,30000,0.3,0.01,0,16144,0.995416253716551,0.827118434093162,0.000832635667971429
"64",64,30000,0.3,0.01,0,15870,0.992375551354757,0.815626969124134,0.000813452093403763
"65",65,30000,0.3,0.01,0,16351,0.996024707968932,0.840437893706807,0.000835094344676441
"66",66,30000,0.3,0.01,0,16983,0.995995995995996,0.843726079020197,0.000808791171708724
"67",67,30000,0.3,0.01,0,16474,0.995568775039456,0.82888187446886,0.000842255112641896
"68",68,30000,0.3,0.01,0,15888,0.996097683786506,0.836039778449144,0.000837848260527724
"69",69,30000,0.3,0.01,0,16683,0.994005874243242,0.849727267278067,0.000839228825398287
"70",70,30000,0.3,0.01,0,17047,0.997418900686338,0.846248606792984,0.000848490523889222
"71",71,30000,0.3,0.01,0,17807,0.997809850058966,0.84668950412759,0.000844264071489553
"72",72,30000,0.3,0.01,0,16594,0.998131854887309,0.84590815957575,0.000849228890777132
"73",73,30000,0.3,0.01,0,17089,0.994323834045292,0.830592778980631,0.000805563643239625
"74",74,30000,0.3,0.01,0,16615,0.998495335540175,0.846704784832982,0.000851898488553737
"75",75,30000,0.3,0.01,0,16803,0.99202523358924,0.835207998571684,0.000844346855783678
"76",76,30000,0.3,0.01,0,16832,0.99203897338403,0.846661121673004,0.000865392349833357
"77",77,30000,0.3,0.01,0,15654,0.994442315063243,0.837166219496614,0.000837762912381778
"78",78,30000,0.3,0.01,0,17041,0.995188075817147,0.833460477671498,0.00084902273921558
"79",79,30000,0.3,0.01,0,15915,0.993905120955074,0.845428840716305,0.000849663362723602
"80",80,30000,0.3,0.01,0,16804,0.995893834801238,0.835931920971197,0.000833808769095114
"81",81,30000,0.3,0.01,0,16809,0.998274733773574,0.829555595216848,0.000831348790831742
"82",82,30000,0.3,0.01,0,16558,0.995772436284575,0.855477714699843,0.000853201807899969
"83",83,30000,0.3,0.01,0,15739,0.997331469597814,0.837982082724443,0.000841699355242249
"84",84,30000,0.3,0.01,0,17115,0.996961729477067,0.844171779141104,0.000853991726374386
"85",85,30000,0.3,0.01,0,15966,0.996429913566328,0.844419391206313,0.000848463576226426
"86",86,30000,0.3,0.01,0,17240,0.993561484918793,0.842401392111369,0.00084242382570275
"87",87,30000,0.3,0.01,0,15652,0.996549961666241,0.855928954766164,0.000856382359246155
"88",88,30000,0.3,0.01,0,17262,0.996234503533774,0.813694820994091,0.000808728149566517
"89",89,30000,0.3,0.01,0,17723,0.993059865711223,0.83919201038199,0.000836029602523261
"90",90,30000,0.3,0.01,0,17008,0.996295860771402,0.844426152398871,0.000859171905364623
"91",91,30000,0.3,0.01,0,18138,0.997960083801963,0.848164075421766,0.000839257214035224
"92",92,30000,0.3,0.01,0,16576,0.992277992277992,0.840009652509653,0.000855726763315912
"93",93,30000,0.3,0.01,0,16279,0.997849990785675,0.854413661772836,0.000856292669470214
"94",94,30000,0.3,0.01,0,16885,0.995439739413681,0.850518211430264,0.000860038018691988
"95",95,30000,0.3,0.01,0,16265,0.995696280356594,0.84543498309253,0.000851134637042381
"96",96,30000,0.3,0.01,0,15465,0.995344325897187,0.840672486259295,0.000843804382205585
"97",97,30000,0.3,0.01,0,17279,0.996411829388275,0.844435441865849,0.000841318471031112
"98",98,30000,0.3,0.01,0,15734,0.995360366086183,0.832718952586755,0.000833195656616884
"99",99,30000,0.3,0.01,0,16828,0.997266460660803,0.833551224150226,0.000838510199525889
"100",100,30000,0.3,0.01,0,16778,0.995231851233758,0.843366313028966,0.000874465845655942
"101",1,3e+05,0.3,0.01,0,115900,0.779577221742882,0.220672993960311,2.54878863505582e-05
"102",2,3e+05,0.3,0.01,0,112631,0.773641359838765,0.227592758654367,2.60786533656597e-05
"103",3,3e+05,0.3,0.01,0,113970,0.764797753794858,0.217004474861806,2.54548585039389e-05
"104",4,3e+05,0.3,0.01,0,114390,0.768782236209459,0.216347582830667,2.50566014843802e-05
"105",5,3e+05,0.3,0.01,0,114534,0.763039796043096,0.221942829203555,2.6027126753854e-05
"106",6,3e+05,0.3,0.01,0,111334,0.766360680474967,0.21604361650529,2.55026180513181e-05
"107",7,3e+05,0.3,0.01,0,114724,0.773961856281162,0.227912206687354,2.61745481432134e-05
"108",8,3e+05,0.3,0.01,0,115903,0.767469349369732,0.223618025417806,2.64986767831706e-05
"109",9,3e+05,0.3,0.01,0,117130,0.77369589345172,0.229539827542047,2.70078428290792e-05
"110",10,3e+05,0.3,0.01,0,114745,0.771510741208767,0.222048891019217,2.58287811083007e-05
"111",11,3e+05,0.3,0.01,0,112833,0.774968316006842,0.216780551788927,2.53459839528576e-05
"112",12,3e+05,0.3,0.01,0,113292,0.768227235815415,0.219318221939766,2.57424529232565e-05
"113",13,3e+05,0.3,0.01,0,112148,0.778703142276278,0.220307094196954,2.58191034486481e-05
"114",14,3e+05,0.3,0.01,0,113546,0.769071565709052,0.238035685977489,2.74232033306239e-05
"115",15,3e+05,0.3,0.01,0,113351,0.756852608269887,0.222971125089324,2.61951818203186e-05
"116",16,3e+05,0.3,0.01,0,113355,0.77624277711614,0.220149089144722,2.53568712319761e-05
"117",17,3e+05,0.3,0.01,0,114185,0.769812146954504,0.227586810877085,2.60800745407537e-05
"118",18,3e+05,0.3,0.01,0,110791,0.766036952460037,0.224214963309294,2.55938416100676e-05
"119",19,3e+05,0.3,0.01,0,115594,0.765134868591795,0.221594546429745,2.5702500081826e-05
"120",20,3e+05,0.3,0.01,0,116200,0.77078313253012,0.224251290877797,2.58017856449974e-05
"121",21,3e+05,0.3,0.01,0,112962,0.774694144933694,0.230325242116818,2.64293287327792e-05
"122",22,3e+05,0.3,0.01,0,113318,0.774157680156727,0.215764485783371,2.49547459231805e-05
"123",23,3e+05,0.3,0.01,0,114270,0.784160322044281,0.226603658002975,2.62406508711192e-05
"124",24,3e+05,0.3,0.01,0,113915,0.771891322477286,0.228099899047535,2.63133413391909e-05
"125",25,3e+05,0.3,0.01,0,115889,0.770987755524683,0.223023755490167,2.62010118780651e-05
"126",26,3e+05,0.3,0.01,0,115474,0.770589050348996,0.211268337461247,2.47129443968555e-05
"127",27,3e+05,0.3,0.01,0,117631,0.770553680577399,0.228239154644609,2.66227121337388e-05
"128",28,3e+05,0.3,0.01,0,115353,0.783247943269789,0.217202846913388,2.49511591366464e-05
"129",29,3e+05,0.3,0.01,0,110415,0.764071910519404,0.215296834669203,2.53110403390226e-05
"130",30,3e+05,0.3,0.01,0,112420,0.760967799323964,0.206635829923501,2.43877886299325e-05
"131",31,3e+05,0.3,0.01,0,116447,0.770496449028313,0.213307341537352,2.48667100651416e-05
"132",32,3e+05,0.3,0.01,0,112549,0.771113026326311,0.220401780557801,2.57905282013525e-05
"133",33,3e+05,0.3,0.01,0,113559,0.75387243635467,0.22183182310517,2.61694103436604e-05
"134",34,3e+05,0.3,0.01,0,111395,0.759719915615602,0.219130122536918,2.53846792034365e-05
"135",35,3e+05,0.3,0.01,0,117424,0.781552323204796,0.226231434800382,2.632095310471e-05
"136",36,3e+05,0.3,0.01,0,112054,0.76739786174523,0.208970674853196,2.4864446506864e-05
"137",37,3e+05,0.3,0.01,0,116492,0.763528826013804,0.222006661401641,2.55862853497345e-05
"138",38,3e+05,0.3,0.01,0,110771,0.757887894846124,0.216256962562404,2.57431230145461e-05
"139",39,3e+05,0.3,0.01,0,114333,0.76306053370418,0.215222201813999,2.49681939657571e-05
"140",40,3e+05,0.3,0.01,0,114111,0.762038716688137,0.219032345698487,2.55173792322992e-05
"141",41,3e+05,0.3,0.01,0,113011,0.781534540885401,0.231322614612737,2.67120777732203e-05
"142",42,3e+05,0.3,0.01,0,112411,0.772059673875332,0.221410716033128,2.55392859719231e-05
"143",43,3e+05,0.3,0.01,0,113100,0.778762157382847,0.230698496905393,2.67828102673648e-05
"144",44,3e+05,0.3,0.01,0,113509,0.760063078698605,0.211392929195042,2.49217163666812e-05
"145",45,3e+05,0.3,0.01,0,116920,0.782577830995553,0.231423195347246,2.64189765515889e-05
"146",46,3e+05,0.3,0.01,0,116265,0.765905474562422,0.215722702446996,2.50908129713406e-05
"147",47,3e+05,0.3,0.01,0,115936,0.764956527739442,0.209020494065691,2.46088818106418e-05
"148",48,3e+05,0.3,0.01,0,114153,0.760610759244172,0.222009058018624,2.60425741516018e-05
"149",49,3e+05,0.3,0.01,0,115643,0.77535172902813,0.221829250365349,2.55202437534979e-05
"150",50,3e+05,0.3,0.01,0,116518,0.769194459225184,0.218095058274258,2.54755519124648e-05
"151",51,3e+05,0.3,0.01,0,112650,0.765725699067909,0.227279183311141,2.63498208171757e-05
"152",52,3e+05,0.3,0.01,0,115528,0.76848036839554,0.214943563465134,2.53999597675429e-05
"153",53,3e+05,0.3,0.01,0,112947,0.764420480402313,0.218314784810575,2.53627443635388e-05
"154",54,3e+05,0.3,0.01,0,114961,0.778985916963144,0.219413540244083,2.53352630126577e-05
"155",55,3e+05,0.3,0.01,0,114595,0.765312622714778,0.216169989964658,2.5018664934299e-05
"156",56,3e+05,0.3,0.01,0,116078,0.787548028050104,0.233403401161288,2.70668425481787e-05
"157",57,3e+05,0.3,0.01,0,113197,0.774384480154068,0.226092564290573,2.60990867306751e-05
"158",58,3e+05,0.3,0.01,0,112697,0.771262766533271,0.219925996255446,2.53084113491686e-05
"159",59,3e+05,0.3,0.01,0,113541,0.775957583604161,0.232286134524093,2.70006472856277e-05
"160",60,3e+05,0.3,0.01,0,116720,0.772583961617546,0.22970356408499,2.65597063051422e-05
"161",61,3e+05,0.3,0.01,0,113805,0.762927815122358,0.22800404200167,2.60111081648407e-05
"162",62,3e+05,0.3,0.01,0,112936,0.770029042997804,0.224153502868881,2.59534121953355e-05
"163",63,3e+05,0.3,0.01,0,115623,0.768895461975558,0.218477292580196,2.53292001096445e-05
"164",64,3e+05,0.3,0.01,0,114673,0.78873841270395,0.233036547399998,2.67597273446191e-05
"165",65,3e+05,0.3,0.01,0,111645,0.770854046307493,0.217734784361145,2.55152772257708e-05
"166",66,3e+05,0.3,0.01,0,114373,0.776022312958478,0.22121479719864,2.56220304023765e-05
"167",67,3e+05,0.3,0.01,0,114390,0.773913803654166,0.230667016347583,2.68812799351591e-05
"168",68,3e+05,0.3,0.01,0,114830,0.768065836453888,0.214508403727249,2.50955438649361e-05
"169",69,3e+05,0.3,0.01,0,116130,0.780504606906054,0.225101179712391,2.59920906619021e-05
"170",70,3e+05,0.3,0.01,0,110868,0.764251181585309,0.213118302846628,2.49646958739495e-05
"171",71,3e+05,0.3,0.01,0,113894,0.767301174776547,0.215656663213163,2.55637552938119e-05
"172",72,3e+05,0.3,0.01,0,115331,0.768006867190955,0.221839748202998,2.56937121583998e-05
"173",73,3e+05,0.3,0.01,0,111989,0.76789684701176,0.224647063550884,2.56954865961338e-05
"174",74,3e+05,0.3,0.01,0,113379,0.764400814965734,0.230448319353672,2.69504386746881e-05
"175",75,3e+05,0.3,0.01,0,113886,0.755720632913615,0.225488646541278,2.62408780976199e-05
"176",76,3e+05,0.3,0.01,0,110923,0.777187778909694,0.226319158335061,2.60257249519888e-05
"177",77,3e+05,0.3,0.01,0,114903,0.766342045029286,0.212683741938853,2.49169669717347e-05
"178",78,3e+05,0.3,0.01,0,113922,0.770492091079862,0.223380909745264,2.60481080721915e-05
"179",79,3e+05,0.3,0.01,0,111347,0.761223921614413,0.217230818971324,2.57624426755907e-05
"180",80,3e+05,0.3,0.01,0,111478,0.773049390911211,0.227802795170348,2.64233306681505e-05
"181",81,3e+05,0.3,0.01,0,111830,0.768863453456139,0.219171957435393,2.53708039205184e-05
"182",82,3e+05,0.3,0.01,0,114231,0.775349948787982,0.228274286314573,2.65684632931363e-05
"183",83,3e+05,0.3,0.01,0,113482,0.775285948432351,0.224070777744488,2.6122589691008e-05
"184",84,3e+05,0.3,0.01,0,112138,0.761436801084378,0.21952415773422,2.54225844239608e-05
"185",85,3e+05,0.3,0.01,0,114164,0.762271819487754,0.223467993412985,2.62595668249468e-05
"186",86,3e+05,0.3,0.01,0,112680,0.769275825346113,0.217767128150515,2.52841903436928e-05
"187",87,3e+05,0.3,0.01,0,115812,0.772916450799572,0.231012330328463,2.70039492195167e-05
"188",88,3e+05,0.3,0.01,0,113750,0.772571428571429,0.221204395604396,2.59187144673552e-05
"189",89,3e+05,0.3,0.01,0,112789,0.767459592690777,0.209825426238374,2.50191545433519e-05
"190",90,3e+05,0.3,0.01,0,113799,0.770367050677071,0.215986080721272,2.51723013747347e-05
"191",91,3e+05,0.3,0.01,0,111754,0.77597222470784,0.225468439608426,2.60281096616893e-05
"192",92,3e+05,0.3,0.01,0,112600,0.759253996447602,0.215612788632327,2.5259840883854e-05
"193",93,3e+05,0.3,0.01,0,115188,0.769976039170747,0.214996353786853,2.54028650502889e-05
"194",94,3e+05,0.3,0.01,0,115784,0.773016997167139,0.21737027568576,2.49655730667034e-05
"195",95,3e+05,0.3,0.01,0,113184,0.772017246253887,0.226401258128357,2.59955141614744e-05
"196",96,3e+05,0.3,0.01,0,114985,0.763803974431448,0.213593077357916,2.48895538647818e-05
"197",97,3e+05,0.3,0.01,0,115995,0.774835122203543,0.222397517134359,2.53560594296194e-05
"198",98,3e+05,0.3,0.01,0,114766,0.770411097363331,0.223899064182772,2.58805377518627e-05
"199",99,3e+05,0.3,0.01,0,114994,0.767326990973442,0.218994034471364,2.56032365026166e-05
"200",100,3e+05,0.3,0.01,0,115982,0.763920263489162,0.22406925212533,2.61921997736579e-05
"201",1,30000,0.8,0.01,0,36517,0.931730426924446,0.504176137141605,0.000497647326203078
"202",2,30000,0.8,0.01,0,34193,0.939168835726611,0.504284502675986,0.000492708587620676
"203",3,30000,0.8,0.01,0,35055,0.936157466837826,0.51661674511482,0.000508870452955132
"204",4,30000,0.8,0.01,0,36347,0.932291523371943,0.511816656120175,0.000510778329029241
"205",5,30000,0.8,0.01,0,35497,0.933740879510945,0.508493675521875,0.000506287613720493
"206",6,30000,0.8,0.01,0,38038,0.946264262053736,0.531363373468637,0.000515325071280729
"207",7,30000,0.8,0.01,0,36138,0.94258121644806,0.528972272953678,0.000525762024058893
"208",8,30000,0.8,0.01,0,35157,0.928122422277214,0.511135762437068,0.000499548636728695
"209",9,30000,0.8,0.01,0,34674,0.93839764665167,0.506662052258176,0.000502948891745224
"210",10,30000,0.8,0.01,0,35458,0.945428394156467,0.507332618873033,0.000492388056476445
"211",11,30000,0.8,0.01,0,35531,0.944583603050857,0.522642199769216,0.000515538313189894
"212",12,30000,0.8,0.01,0,36486,0.939949569697966,0.537274571068355,0.000524125088886675
"213",13,30000,0.8,0.01,0,36340,0.938855255916346,0.52094111172262,0.000510715532863663
"214",14,30000,0.8,0.01,0,35844,0.937813860060261,0.520142841200759,0.000515736582615025
"215",15,30000,0.8,0.01,0,35244,0.936811939620928,0.508739076154807,0.000509871258481787
"216",16,30000,0.8,0.01,0,37186,0.944602807508202,0.533023180766955,0.000521505066605572
"217",17,30000,0.8,0.01,0,35001,0.947630067712351,0.510899688580326,0.000505385331483018
"218",18,30000,0.8,0.01,0,35728,0.936576354679803,0.519564487236901,0.000512607843649819
"219",19,30000,0.8,0.01,0,35918,0.938944261929952,0.517205857787182,0.000505338069245262
"220",20,30000,0.8,0.01,0,38236,0.939768804268229,0.527644105031907,0.000517485116296141
"221",21,30000,0.8,0.01,0,35188,0.930203478458565,0.520489939752188,0.000520965831359607
"222",22,30000,0.8,0.01,0,36982,0.93610405061922,0.518576604834785,0.000508737648091815
"223",23,30000,0.8,0.01,0,34534,0.931951120634737,0.516939827416459,0.000506090745430111
"224",24,30000,0.8,0.01,0,36487,0.933346123276783,0.513223887960095,0.000495682464939765
"225",25,30000,0.8,0.01,0,36091,0.943309966473636,0.539358842924829,0.000524722674621135
"226",26,30000,0.8,0.01,0,36866,0.940866923452504,0.529647914067162,0.000524563697910223
"227",27,30000,0.8,0.01,0,36558,0.947234531429509,0.523770446960994,0.000511196641082448
"228",28,30000,0.8,0.01,0,35858,0.935077249149423,0.505633331474148,0.000495263905722306
"229",29,30000,0.8,0.01,0,36462,0.943420547419231,0.512807854752893,0.000511089546545799
"230",30,30000,0.8,0.01,0,37070,0.937901267871594,0.506042622066361,0.000493666172601758
"231",31,30000,0.8,0.01,0,34257,0.935546019791575,0.527220714014654,0.000527035789764858
"232",32,30000,0.8,0.01,0,36221,0.944893846111372,0.511498854255818,0.000501444636670979
"233",33,30000,0.8,0.01,0,37222,0.941459351996131,0.503197034012143,0.000496741751846386
"234",34,30000,0.8,0.01,0,35542,0.937144786449834,0.520032637443025,0.000510327501717264
"235",35,30000,0.8,0.01,0,37180,0.936040882194728,0.514039806347499,0.000504893182975423
"236",36,30000,0.8,0.01,0,36141,0.942890346144268,0.525857059848925,0.000521621834154758
"237",37,30000,0.8,0.01,0,35606,0.932033926866259,0.513115767005561,0.00050181123336115
"238",38,30000,0.8,0.01,0,34802,0.938049537382909,0.508074248606402,0.000498824269141725
"239",39,30000,0.8,0.01,0,35515,0.936393073349289,0.511361396592989,0.000509240183581827
"240",40,30000,0.8,0.01,0,36652,0.937847866419295,0.500982211066245,0.00048434121200392
"241",41,30000,0.8,0.01,0,35986,0.931334407825265,0.498777302284222,0.000503501674255297
"242",42,30000,0.8,0.01,0,36454,0.935644922367916,0.509628572996105,0.000502685646403124
"243",43,30000,0.8,0.01,0,35245,0.940615690168818,0.540445453255781,0.000533086437088237
"244",44,30000,0.8,0.01,0,36569,0.933987803877601,0.545215893242911,0.000536751513652673
"245",45,30000,0.8,0.01,0,35193,0.926434234080641,0.514619384536698,0.000509089410111679
"246",46,30000,0.8,0.01,0,35848,0.94909060477572,0.523404374023655,0.00050897677763588
"247",47,30000,0.8,0.01,0,36065,0.944821849438514,0.525994731734369,0.000521108224530666
"248",48,30000,0.8,0.01,0,36759,0.943442422263935,0.532903506624228,0.000521259733626283
"249",49,30000,0.8,0.01,0,35868,0.932000669120107,0.515445522471284,0.00051154446790321
"250",50,30000,0.8,0.01,0,36641,0.936055238667067,0.519554597309025,0.000512422289767002
"251",51,30000,0.8,0.01,0,36147,0.940105679586134,0.501895039699007,0.000495367474238727
"252",52,30000,0.8,0.01,0,36623,0.93400322201895,0.519646124020424,0.000512439160884424
"253",53,30000,0.8,0.01,0,35954,0.939617288757857,0.518607109083829,0.000510064755396756
"254",54,30000,0.8,0.01,0,37506,0.939289713645817,0.517810483655948,0.000505116217663777
"255",55,30000,0.8,0.01,0,36226,0.9347153977806,0.507039143156849,0.000499377254922073
"256",56,30000,0.8,0.01,0,37652,0.938887708488261,0.504754063529162,0.000513318018492271
"257",57,30000,0.8,0.01,0,34989,0.941924604875818,0.525508016805282,0.000514647414807668
"258",58,30000,0.8,0.01,0,36517,0.934797491579265,0.533368020374072,0.000522169961863411
"259",59,30000,0.8,0.01,0,36004,0.934062881902011,0.512498611265415,0.000511628279920352
"260",60,30000,0.8,0.01,0,35850,0.933723849372385,0.512022315202232,0.000498575874755506
"261",61,30000,0.8,0.01,0,36773,0.933973295624507,0.499415331901123,0.00050051267230509
"262",62,30000,0.8,0.01,0,36541,0.925809364823075,0.516378862100107,0.000511582419096386
"263",63,30000,0.8,0.01,0,36542,0.937688139674895,0.5114115264627,0.000513829143940764
"264",64,30000,0.8,0.01,0,34980,0.92833047455689,0.525728987993139,0.000516684767094149
"265",65,30000,0.8,0.01,0,34975,0.934267333809864,0.516225875625447,0.000498406847933397
"266",66,30000,0.8,0.01,0,36406,0.938581552491348,0.524171839806625,0.000515287083840811
"267",67,30000,0.8,0.01,0,37482,0.936316098393896,0.514353556373726,0.000499228289403568
"268",68,30000,0.8,0.01,0,37024,0.935150172860847,0.52579407951599,0.000517369835215757
"269",69,30000,0.8,0.01,0,35857,0.938868282343754,0.518531946342416,0.000514037169883867
"270",70,30000,0.8,0.01,0,37443,0.936997569639185,0.521485992041236,0.000516981280062992
"271",71,30000,0.8,0.01,0,35767,0.938490787597506,0.531607347555009,0.000519967901629738
"272",72,30000,0.8,0.01,0,35691,0.930066403294948,0.507382813594464,0.000500724940741893
"273",73,30000,0.8,0.01,0,36392,0.933007254341614,0.508710705649593,0.000508232035791343
"274",74,30000,0.8,0.01,0,36115,0.947390281046657,0.527980063685449,0.000510421301116891
"275",75,30000,0.8,0.01,0,35133,0.935132211880568,0.530612244897959,0.000521866984176415
"276",76,30000,0.8,0.01,0,35530,0.939628482972136,0.518125527723051,0.000511470735115985
"277",77,30000,0.8,0.01,0,37145,0.947826086956522,0.52346210795531,0.000520753201300929
"278",78,30000,0.8,0.01,0,36832,0.939074717636838,0.513955256298871,0.000519837513651624
"279",79,30000,0.8,0.01,0,35181,0.927375572041727,0.495039936329269,0.00050094439549122
"280",80,30000,0.8,0.01,0,34969,0.945980725785696,0.537333066430267,0.000518115969622526
"281",81,30000,0.8,0.01,0,35172,0.940833617650404,0.493773456158308,0.000477258218770755
"282",82,30000,0.8,0.01,0,37169,0.939142834082165,0.519330624983185,0.000515403519352387
"283",83,30000,0.8,0.01,0,34360,0.939522700814901,0.518364377182771,0.000510080744318581
"284",84,30000,0.8,0.01,0,36150,0.94237897648686,0.519585062240664,0.000515216552640839
"285",85,30000,0.8,0.01,0,36693,0.940261085220614,0.507862535088436,0.000498908165721389
"286",86,30000,0.8,0.01,0,37149,0.936068265632992,0.495114269563111,0.000492489886893778
"287",87,30000,0.8,0.01,0,36044,0.942930862279436,0.511569193208301,0.000507424702665834
"288",88,30000,0.8,0.01,0,36613,0.937836287657389,0.50077841203944,0.000499163504039179
"289",89,30000,0.8,0.01,0,36453,0.93981290977423,0.529147120950265,0.000522271445272904
"290",90,30000,0.8,0.01,0,37241,0.940361429607153,0.535807309148519,0.000518757139034075
"291",91,30000,0.8,0.01,0,36214,0.933395924228199,0.509388634229856,0.000516497484182409
"292",92,30000,0.8,0.01,0,35567,0.942671577585965,0.529338994011303,0.000519821938080665
"293",93,30000,0.8,0.01,0,36409,0.93649921722651,0.537641791864649,0.000527404857093338
"294",94,30000,0.8,0.01,0,36563,0.938079479254985,0.511363947159697,0.000510667467795986
"295",95,30000,0.8,0.01,0,36676,0.943478023775766,0.511587959428509,0.000510628670320278
"296",96,30000,0.8,0.01,0,35977,0.936542791227729,0.517608472079384,0.000510057263662973
"297",97,30000,0.8,0.01,0,35965,0.937439176977617,0.496788544418184,0.000499173383980762
"298",98,30000,0.8,0.01,0,35639,0.936754678863043,0.517130110272454,0.000510738478244582
"299",99,30000,0.8,0.01,0,36767,0.933908124133054,0.508771452661354,0.00051048617993764
"300",100,30000,0.8,0.01,0,36500,0.928109589041096,0.503068493150685,0.000500785698533215
"301",1,3e+05,0.8,0.01,0,215274,0.669686074491114,0.138697659726674,1.99353576105897e-05
"302",2,3e+05,0.8,0.01,0,209860,0.675011912703707,0.139168969789383,1.97645074027499e-05
"303",3,3e+05,0.8,0.01,0,213738,0.682363454322582,0.142829071105746,2.00783492436181e-05
"304",4,3e+05,0.8,0.01,0,212928,0.676623083859333,0.144419709948903,2.02620799825696e-05
"305",5,3e+05,0.8,0.01,0,214876,0.664597256091886,0.135231482343305,1.95874269677843e-05
"306",6,3e+05,0.8,0.01,0,212602,0.667599552214937,0.135553757725703,1.96598470084095e-05
"307",7,3e+05,0.8,0.01,0,208960,0.665883422664625,0.132321975497703,1.92059041118531e-05
"308",8,3e+05,0.8,0.01,0,214351,0.677678200708184,0.140358570755443,1.99724263617844e-05
"309",9,3e+05,0.8,0.01,0,210870,0.671921088822497,0.140859297197325,2.00589036780242e-05
"310",10,3e+05,0.8,0.01,0,210186,0.667432654886624,0.135727403347511,1.95967121211766e-05
"311",11,3e+05,0.8,0.01,0,213278,0.672680726563452,0.141228818724857,2.01020506283791e-05
"312",12,3e+05,0.8,0.01,0,212210,0.66546816832383,0.137651383063946,1.97270327249587e-05
"313",13,3e+05,0.8,0.01,0,212969,0.661791152702976,0.134629922664801,1.9717667046116e-05
"314",14,3e+05,0.8,0.01,0,212656,0.67229704311188,0.142605898728463,2.02830113078736e-05
"315",15,3e+05,0.8,0.01,0,212479,0.670734519646647,0.140395050805021,2.00814373065857e-05
"316",16,3e+05,0.8,0.01,0,212717,0.663637603012453,0.136232647132105,1.95670842462616e-05
"317",17,3e+05,0.8,0.01,0,210865,0.671799492566334,0.143940435823868,2.03678844938165e-05
"318",18,3e+05,0.8,0.01,0,210276,0.663922654035648,0.138156518100021,1.99197684100823e-05
"319",19,3e+05,0.8,0.01,0,210649,0.673675165797132,0.139274337879601,1.98502917950862e-05
"320",20,3e+05,0.8,0.01,0,212235,0.6765378000801,0.144834735081396,2.03226174089949e-05
"321",21,3e+05,0.8,0.01,0,211469,0.676397013273813,0.13952872525051,1.96678314885031e-05
"322",22,3e+05,0.8,0.01,0,216663,0.670783659415775,0.140360836875701,1.9959627585277e-05
"323",23,3e+05,0.8,0.01,0,213248,0.671185661764706,0.137844200180072,1.98195815968167e-05
"324",24,3e+05,0.8,0.01,0,210083,0.669444933669074,0.132162050237287,1.91943920110088e-05
"325",25,3e+05,0.8,0.01,0,213535,0.671946050998665,0.140604584728499,2.00206636180479e-05
"326",26,3e+05,0.8,0.01,0,209101,0.672507544201128,0.142706156355063,2.01070786850322e-05
"327",27,3e+05,0.8,0.01,0,211511,0.674882157429164,0.142838906723527,2.0129548328584e-05
"328",28,3e+05,0.8,0.01,0,211662,0.670592737477677,0.14287401612004,2.02167208892185e-05
"329",29,3e+05,0.8,0.01,0,209769,0.671934365897726,0.137756293827973,1.96989301435648e-05
"330",30,3e+05,0.8,0.01,0,210360,0.660020916524054,0.136223616657159,1.93687472638134e-05
"331",31,3e+05,0.8,0.01,0,210908,0.671278472130028,0.140924004779335,1.98801026693389e-05
"332",32,3e+05,0.8,0.01,0,212469,0.666671373235625,0.139643900992615,1.9804611109618e-05
"333",33,3e+05,0.8,0.01,0,212342,0.670037015757599,0.146118054836066,2.08771280825342e-05
"334",34,3e+05,0.8,0.01,0,211669,0.674175245312256,0.13797958132745,1.96342332641588e-05
"335",35,3e+05,0.8,0.01,0,214656,0.67086873881932,0.136995937686345,1.97149648823995e-05
"336",36,3e+05,0.8,0.01,0,215404,0.679759893038198,0.148223802714899,2.05791216741931e-05
"337",37,3e+05,0.8,0.01,0,211029,0.671727582464969,0.144018120732222,2.02820766731688e-05
"338",38,3e+05,0.8,0.01,0,211955,0.663249274610177,0.13636385081739,1.95681205856282e-05
"339",39,3e+05,0.8,0.01,0,214301,0.670682824625177,0.138515452564384,1.96890090801734e-05
"340",40,3e+05,0.8,0.01,0,209102,0.678577918910388,0.140089525686029,1.96291312696084e-05
"341",41,3e+05,0.8,0.01,0,211779,0.681408449374112,0.149353807506882,2.08541789784812e-05
"342",42,3e+05,0.8,0.01,0,214142,0.671806558265076,0.140271408691429,2.00264637358938e-05
"343",43,3e+05,0.8,0.01,0,212398,0.661592858689818,0.138730119869302,1.99563049016906e-05
"344",44,3e+05,0.8,0.01,0,216293,0.675837868077099,0.138663757033284,1.96014163123458e-05
"345",45,3e+05,0.8,0.01,0,210644,0.666636600140521,0.135114221150377,1.9424719200649e-05
"346",46,3e+05,0.8,0.01,0,216011,0.680280170917222,0.143770456134178,2.00922046042716e-05
"347",47,3e+05,0.8,0.01,0,214185,0.659420594346009,0.138357027803067,2.00495065554782e-05
"348",48,3e+05,0.8,0.01,0,211936,0.671424392269364,0.137928431224521,1.96472305503766e-05
"349",49,3e+05,0.8,0.01,0,211388,0.679650689726948,0.145902321796885,2.00865855149423e-05
"350",50,3e+05,0.8,0.01,0,211248,0.668361357267288,0.139854578504885,1.99897193766323e-05
"351",51,3e+05,0.8,0.01,0,208829,0.665070464351216,0.135182374095552,1.94450087727293e-05
"352",52,3e+05,0.8,0.01,0,210152,0.665856142220869,0.13475008565229,1.95890215635348e-05
"353",53,3e+05,0.8,0.01,0,211914,0.675316401936635,0.137938031465595,1.97580014140684e-05
"354",54,3e+05,0.8,0.01,0,214098,0.662747900494166,0.141715476090389,2.03207518047322e-05
"355",55,3e+05,0.8,0.01,0,210436,0.671881237050695,0.135442604877492,1.9237151635557e-05
"356",56,3e+05,0.8,0.01,0,210791,0.678805072322822,0.138454677856265,1.99129840494411e-05
"357",57,3e+05,0.8,0.01,0,216605,0.670413887029385,0.143842478243808,2.02403559391235e-05
"358",58,3e+05,0.8,0.01,0,206784,0.656559501702259,0.13043562364593,1.92491448881795e-05
"359",59,3e+05,0.8,0.01,0,209017,0.67825105134989,0.145691498777611,2.03432528699893e-05
"360",60,3e+05,0.8,0.01,0,211657,0.666082388014571,0.138214186159683,1.99484011232023e-05
"361",61,3e+05,0.8,0.01,0,211270,0.664552468405358,0.140621006295262,2.01618869554115e-05
"362",62,3e+05,0.8,0.01,0,209310,0.664473747073718,0.141641584253022,2.02035752545472e-05
"363",63,3e+05,0.8,0.01,0,211134,0.668078092585751,0.135430579631893,1.95084997870501e-05
"364",64,3e+05,0.8,0.01,0,215228,0.674038693850243,0.143331722638318,2.02267157999826e-05
"365",65,3e+05,0.8,0.01,0,215283,0.674405317651649,0.140182922014279,1.99749321795677e-05
"366",66,3e+05,0.8,0.01,0,208725,0.680177266738532,0.139743681878069,1.97751518115466e-05
"367",67,3e+05,0.8,0.01,0,210567,0.662102798634164,0.136023213513988,1.98309287954779e-05
"368",68,3e+05,0.8,0.01,0,213225,0.670915699378591,0.148819322312112,2.08465078396946e-05
"369",69,3e+05,0.8,0.01,0,212457,0.674418823573711,0.144085626738587,1.99141549128715e-05
"370",70,3e+05,0.8,0.01,0,209487,0.659286733783003,0.139345162229637,2.01526382421169e-05
"371",71,3e+05,0.8,0.01,0,214342,0.668245140942979,0.135871644381409,1.9754830205559e-05
"372",72,3e+05,0.8,0.01,0,210815,0.673775585228755,0.141261295448616,1.98916207827034e-05
"373",73,3e+05,0.8,0.01,0,213046,0.66309623273847,0.13854284990096,1.98188746336015e-05
"374",74,3e+05,0.8,0.01,0,214723,0.668880371455317,0.135318526659929,1.95919616133445e-05
"375",75,3e+05,0.8,0.01,0,212472,0.662713204563425,0.137660491735382,2.00357341666603e-05
"376",76,3e+05,0.8,0.01,0,214141,0.670651580033716,0.136526867811395,1.96082865647353e-05
"377",77,3e+05,0.8,0.01,0,210526,0.666858250287375,0.141830462745694,2.03556542012832e-05
"378",78,3e+05,0.8,0.01,0,213337,0.669846299516727,0.137369513961479,1.96431771076594e-05
"379",79,3e+05,0.8,0.01,0,212694,0.674349064853734,0.138687504113891,1.99737991517579e-05
"380",80,3e+05,0.8,0.01,0,214784,0.657660719606675,0.134432732419547,1.94401337227118e-05
"381",81,3e+05,0.8,0.01,0,212694,0.665448954836526,0.135706696004589,1.97501728686148e-05
"382",82,3e+05,0.8,0.01,0,209432,0.66893788914779,0.134945949043126,1.97708549290062e-05
"383",83,3e+05,0.8,0.01,0,212218,0.671385085148291,0.135568142193405,1.93758639167651e-05
"384",84,3e+05,0.8,0.01,0,214113,0.665522411063317,0.140607996712017,2.00046436538599e-05
"385",85,3e+05,0.8,0.01,0,210758,0.664914261854829,0.14021769043168,1.97812261027264e-05
"386",86,3e+05,0.8,0.01,0,212045,0.667608290693013,0.141884977245396,2.00546826552652e-05
"387",87,3e+05,0.8,0.01,0,211781,0.681317020884782,0.14754392509243,2.06736367723724e-05
"388",88,3e+05,0.8,0.01,0,216657,0.679996492151188,0.141126296403993,2.01236575448573e-05
"389",89,3e+05,0.8,0.01,0,213030,0.661855137774022,0.136868046753978,1.97805208710307e-05
"390",90,3e+05,0.8,0.01,0,216787,0.667230968646644,0.139500984837652,2.01947289885186e-05
"391",91,3e+05,0.8,0.01,0,212423,0.662207011481807,0.133304773965154,1.94659880528589e-05
"392",92,3e+05,0.8,0.01,0,213452,0.658415006652549,0.135880666379326,1.90414687216976e-05
"393",93,3e+05,0.8,0.01,0,212123,0.666302098310886,0.132616453661319,1.93531303241532e-05
"394",94,3e+05,0.8,0.01,0,212622,0.661954078129262,0.133184712776665,1.94544334419435e-05
"395",95,3e+05,0.8,0.01,0,212366,0.663222926457154,0.13559609353663,1.95423401673756e-05
"396",96,3e+05,0.8,0.01,0,210815,0.676455660175984,0.142504091264853,2.00443670437172e-05
"397",97,3e+05,0.8,0.01,0,213751,0.668198043517925,0.135723341645185,1.98566680099489e-05
"398",98,3e+05,0.8,0.01,0,213239,0.673619741229325,0.139777432833581,1.99453309131859e-05
"399",99,3e+05,0.8,0.01,0,213561,0.677314678241814,0.140320564147948,1.96111598460331e-05
"400",100,3e+05,0.8,0.01,0,212319,0.660920595895798,0.134288499851638,1.9750408319582e-05
"401",1,30000,0.3,0.001,0,19926,0.892000401485496,0.56689752082706,0.000668033348058299
"402",2,30000,0.3,0.001,0,20705,0.894083554696933,0.56319729533929,0.000664075754725837
"403",3,30000,0.3,0.001,0,18896,0.8702900084674,0.550275190516511,0.000632274274045557
"404",4,30000,0.3,0.001,0,18979,0.898150587491438,0.540492122872649,0.000624618267462054
"405",5,30000,0.3,0.001,0,19824,0.884887005649718,0.55498385794996,0.000664393906501491
"406",6,30000,0.3,0.001,0,20034,0.901717080962364,0.567834681042228,0.000651634809429862
"407",7,30000,0.3,0.001,0,20331,0.89228272096798,0.553391372780483,0.000657881663713278
"408",8,30000,0.3,0.001,0,19946,0.892108693472375,0.557956482502757,0.000655796479362366
"409",9,30000,0.3,0.001,0,19774,0.877920501668858,0.519571154040659,0.000610374093590573
"410",10,30000,0.3,0.001,0,18362,0.86090839777802,0.534473368914062,0.000639255506163576
"411",11,30000,0.3,0.001,0,20417,0.873732673752265,0.551648136356957,0.000667236091184148
"412",12,30000,0.3,0.001,0,19128,0.866739857800084,0.529381012128816,0.000639257610945508
"413",13,30000,0.3,0.001,0,19083,0.887386679243306,0.534507152963371,0.000628505529363265
"414",14,30000,0.3,0.001,0,19273,0.88320448295543,0.559539251803041,0.000651902583213469
"415",15,30000,0.3,0.001,0,19564,0.892813330607238,0.536597832754038,0.000629392881381967
"416",16,30000,0.3,0.001,0,19567,0.881126386262585,0.560024531098278,0.000665257702361659
"417",17,30000,0.3,0.001,0,19945,0.87776385058912,0.533517172223615,0.000640415194829811
"418",18,30000,0.3,0.001,0,19539,0.894160397154409,0.542914171656687,0.000645232532263912
"419",19,30000,0.3,0.001,0,19635,0.896664120193532,0.569900687547746,0.000659488448735168
"420",20,30000,0.3,0.001,0,20425,0.881615667074663,0.554418604651163,0.000654160699868887
"421",21,30000,0.3,0.001,0,19963,0.880579071281872,0.555728096979412,0.000655180779064625
"422",22,30000,0.3,0.001,0,20395,0.909291493012993,0.563177249325815,0.000661126078649558
"423",23,30000,0.3,0.001,0,20900,0.88311004784689,0.563014354066986,0.000670209981145569
"424",24,30000,0.3,0.001,0,20099,0.886511766754565,0.545251007512812,0.000651512869633004
"425",25,30000,0.3,0.001,0,18984,0.89464812473662,0.553255372945638,0.000656247916996575
"426",26,30000,0.3,0.001,0,18936,0.883449514152936,0.529045204900718,0.000622042115753318
"427",27,30000,0.3,0.001,0,19013,0.879450902014411,0.554988691947615,0.000649703997614637
"428",28,30000,0.3,0.001,0,20422,0.880129272353344,0.540348643619626,0.000648518743621531
"429",29,30000,0.3,0.001,0,20167,0.894679426786334,0.57177567312937,0.000676398877569277
"430",30,30000,0.3,0.001,0,19479,0.872478053288157,0.545407875147595,0.000643257533141631
"431",31,30000,0.3,0.001,0,19414,0.889358195116926,0.560626352117029,0.000672418139889241
"432",32,30000,0.3,0.001,0,20107,0.898144924653106,0.549808524394489,0.000642621129882498
"433",33,30000,0.3,0.001,0,19430,0.876170869788986,0.531600617601647,0.000625563550187617
"434",34,30000,0.3,0.001,0,20531,0.897959183673469,0.55628074618869,0.000649541815835741
"435",35,30000,0.3,0.001,0,20461,0.89922291188114,0.547969307462978,0.000653306801865933
"436",36,30000,0.3,0.001,0,19274,0.891926948220401,0.542803777109059,0.000620830216550129
"437",37,30000,0.3,0.001,0,20190,0.899306587419515,0.554730064388311,0.00065486755328638
"438",38,30000,0.3,0.001,0,19235,0.885157265401612,0.561372498050429,0.000658059244161384
"439",39,30000,0.3,0.001,0,19551,0.884200296660017,0.55526571530868,0.000640647067381937
"440",40,30000,0.3,0.001,0,19852,0.903939149707838,0.559742091476929,0.000654048084342656
"441",41,30000,0.3,0.001,0,20550,0.886861313868613,0.565158150851581,0.000649215264098614
"442",42,30000,0.3,0.001,0,19586,0.901460226692535,0.530072500765853,0.000629680343926538
"443",43,30000,0.3,0.001,0,20492,0.892543431583057,0.558608237360921,0.000653511391096537
"444",44,30000,0.3,0.001,0,20142,0.868086585244762,0.541902492304637,0.000645934868349515
"445",45,30000,0.3,0.001,0,19511,0.879401363333504,0.56911485828507,0.000672028162200204
"446",46,30000,0.3,0.001,0,18543,0.880008628593,0.53276168904708,0.000616295711289027
"447",47,30000,0.3,0.001,0,19178,0.868860152257795,0.529669412868912,0.000636147330427722
"448",48,30000,0.3,0.001,0,19749,0.878626765912198,0.554104005266089,0.000656569351289715
"449",49,30000,0.3,0.001,0,19692,0.883353646150721,0.546668697948405,0.000623587148277255
"450",50,30000,0.3,0.001,0,20443,0.886709387076261,0.560583084674461,0.000657934413730207
"451",51,30000,0.3,0.001,0,19782,0.881862299059751,0.545546456374482,0.000636678771789233
"452",52,30000,0.3,0.001,0,18880,0.877012711864407,0.54989406779661,0.000646337734728709
"453",53,30000,0.3,0.001,0,18992,0.87226200505476,0.526906065711879,0.000616476337596168
"454",54,30000,0.3,0.001,0,19897,0.873498517364427,0.529476805548575,0.000631479034847478
"455",55,30000,0.3,0.001,0,20556,0.89604008561977,0.544707141467212,0.000661833938424584
"456",56,30000,0.3,0.001,0,19750,0.88273417721519,0.533670886075949,0.000625677988026394
"457",57,30000,0.3,0.001,0,20051,0.873572390404469,0.543314547902848,0.000638524305958286
"458",58,30000,0.3,0.001,0,19072,0.876572986577181,0.528838087248322,0.000626346460656282
"459",59,30000,0.3,0.001,0,19667,0.879849494076372,0.556007525296181,0.000669627294843335
"460",60,30000,0.3,0.001,0,21076,0.899364205731638,0.566331372176884,0.000687238481530863
"461",61,30000,0.3,0.001,0,19174,0.886356524460207,0.556691352873683,0.000671518980456965
"462",62,30000,0.3,0.001,0,19791,0.901520893335354,0.559143044818352,0.0006732381011036
"463",63,30000,0.3,0.001,0,19281,0.882111923655412,0.561537264664696,0.000670265373617733
"464",64,30000,0.3,0.001,0,19965,0.912847483095417,0.562935136488856,0.000651155836472104
"465",65,30000,0.3,0.001,0,19223,0.87036362690527,0.545596420954065,0.000634379340960241
"466",66,30000,0.3,0.001,0,19365,0.884017557449006,0.549651432997676,0.000641129266586677
"467",67,30000,0.3,0.001,0,19187,0.896440298118518,0.545838328034607,0.00063642330418988
"468",68,30000,0.3,0.001,0,20962,0.885602518843622,0.565928823585536,0.000669603895088227
"469",69,30000,0.3,0.001,0,19822,0.881596206235496,0.54651397437191,0.00064593547590834
"470",70,30000,0.3,0.001,0,20176,0.88932394924663,0.563838223632038,0.000664375876492963
"471",71,30000,0.3,0.001,0,19191,0.889062581418373,0.546923036840186,0.00064293321226866
"472",72,30000,0.3,0.001,0,20331,0.895233879297624,0.552702769170233,0.000643240918015294
"473",73,30000,0.3,0.001,0,20744,0.894571924411878,0.563054377169302,0.00066822546317106
"474",74,30000,0.3,0.001,0,20088,0.882417363600159,0.542214257268021,0.000639946306783499
"475",75,30000,0.3,0.001,0,20506,0.898371208426802,0.549107578269775,0.000654781470958377
"476",76,30000,0.3,0.001,0,20290,0.899359290290784,0.538196155741745,0.000649644931508362
"477",77,30000,0.3,0.001,0,20064,0.88741028708134,0.565141547049442,0.000666836102720306
"478",78,30000,0.3,0.001,0,19527,0.885440671890203,0.547037435345931,0.000640232159859295
"479",79,30000,0.3,0.001,0,19642,0.894308115263212,0.560126260054984,0.000657970328761166
"480",80,30000,0.3,0.001,0,19857,0.886689832300952,0.560205469104094,0.000654337956384059
"481",81,30000,0.3,0.001,0,19824,0.890738498789346,0.578944713478612,0.000677227329082284
"482",82,30000,0.3,0.001,0,19270,0.866476388168137,0.560768033212247,0.000662287636384878
"483",83,30000,0.3,0.001,0,19016,0.907183424484645,0.55484854859066,0.000653505209140382
"484",84,30000,0.3,0.001,0,20990,0.890852787041448,0.540638399237732,0.000633427721440233
"485",85,30000,0.3,0.001,0,19723,0.898494143892917,0.535212695837347,0.000617266918222867
"486",86,30000,0.3,0.001,0,19331,0.885572396668563,0.563861155656717,0.000668245414179286
"487",87,30000,0.3,0.001,0,19708,0.898163182463974,0.562461944388066,0.000665316173782473
"488",88,30000,0.3,0.001,0,20143,0.87732711115524,0.576329245891873,0.000677085834824784
"489",89,30000,0.3,0.001,0,19920,0.906927710843374,0.553112449799197,0.000656019699926469
"490",90,30000,0.3,0.001,0,20558,0.877906411129487,0.549858935694134,0.000647122036950866
"491",91,30000,0.3,0.001,0,19797,0.896701520432389,0.556094357730969,0.000647635629129069
"492",92,30000,0.3,0.001,0,18879,0.884156999841093,0.545473806875364,0.000652501071953081
"493",93,30000,0.3,0.001,0,18727,0.868799060180488,0.55561488759545,0.000647904678792324
"494",94,30000,0.3,0.001,0,19445,0.895705836976086,0.53859604011314,0.0006355034237174
"495",95,30000,0.3,0.001,0,19512,0.898267732677327,0.541512915129151,0.000633454152798721
"496",96,30000,0.3,0.001,0,19945,0.887340185510153,0.547605916269742,0.000648351337037418
"497",97,30000,0.3,0.001,0,19642,0.888198757763975,0.575857855615518,0.000690461530277497
"498",98,30000,0.3,0.001,0,18941,0.892244337680165,0.567076711894831,0.000668694900011438
"499",99,30000,0.3,0.001,0,19862,0.891098580203403,0.538213674353036,0.000640111106091115
"500",100,30000,0.3,0.001,0,19270,0.899481058640374,0.553918007265179,0.000649429047894797
"501",1,3e+05,0.3,0.001,0,55901,0.64805638539561,0.210944348043863,3.0808127784899e-05
"502",2,3e+05,0.3,0.001,0,52800,0.650814393939394,0.219526515151515,3.15994067599689e-05
"503",3,3e+05,0.3,0.001,0,54417,0.650697392359005,0.221199257584946,3.20061107411819e-05
"504",4,3e+05,0.3,0.001,0,53875,0.650895591647332,0.21815313225058,3.08570537753143e-05
"505",5,3e+05,0.3,0.001,0,54856,0.684574157794954,0.23725754703223,3.34821084886093e-05
"506",6,3e+05,0.3,0.001,0,55135,0.654321211571597,0.223814274054593,3.14173235770454e-05
"507",7,3e+05,0.3,0.001,0,53484,0.669433849375514,0.229994016902251,3.22643204605673e-05
"508",8,3e+05,0.3,0.001,0,54155,0.651481857630874,0.228307635490721,3.25885872863226e-05
"509",9,3e+05,0.3,0.001,0,53999,0.653382470045742,0.223837478471824,3.15842784388752e-05
"510",10,3e+05,0.3,0.001,0,55288,0.673039357545941,0.232419331500506,3.22558671825555e-05
"511",11,3e+05,0.3,0.001,0,54854,0.671509826083786,0.235771320231888,3.33744072745537e-05
"512",12,3e+05,0.3,0.001,0,54258,0.665523978030889,0.228058535146891,3.29042462251522e-05
"513",13,3e+05,0.3,0.001,0,54652,0.663269413745151,0.232745370709215,3.30379773777693e-05
"514",14,3e+05,0.3,0.001,0,54081,0.667628187348607,0.219929365211442,3.10921891319237e-05
"515",15,3e+05,0.3,0.001,0,54688,0.685086307782329,0.237291544763019,3.29871876352127e-05
"516",16,3e+05,0.3,0.001,0,56516,0.668730978837851,0.226378370726874,3.24701820798468e-05
"517",17,3e+05,0.3,0.001,0,54040,0.660917838638046,0.215562546262028,3.02560260374356e-05
"518",18,3e+05,0.3,0.001,0,54926,0.675781961184139,0.230746822998216,3.22688914237089e-05
"519",19,3e+05,0.3,0.001,0,52874,0.690641903392972,0.240269319514317,3.30682669454661e-05
"520",20,3e+05,0.3,0.001,0,55590,0.687749595250944,0.229069976614499,3.22190094786874e-05
"521",21,3e+05,0.3,0.001,0,55673,0.673953262802436,0.239433836868859,3.37173754859923e-05
"522",22,3e+05,0.3,0.001,0,55487,0.670553462973309,0.220700344224773,3.14821827648178e-05
"523",23,3e+05,0.3,0.001,0,53974,0.651202430800015,0.226757327602179,3.22070228013475e-05
"524",24,3e+05,0.3,0.001,0,55415,0.663051520346477,0.229107642335108,3.23150294141107e-05
"525",25,3e+05,0.3,0.001,0,54996,0.647410720779693,0.229253036584479,3.2790055235287e-05
"526",26,3e+05,0.3,0.001,0,54167,0.660106707035649,0.217918658962099,3.08533969312361e-05
"527",27,3e+05,0.3,0.001,0,55357,0.65989847715736,0.218996694185017,3.16704693793428e-05
"528",28,3e+05,0.3,0.001,0,54453,0.668246010320827,0.222338530475823,3.18700751365002e-05
"529",29,3e+05,0.3,0.001,0,54039,0.660263883491552,0.223246174059476,3.24158354883477e-05
"530",30,3e+05,0.3,0.001,0,53279,0.633814448469378,0.210927382270688,3.07207476560463e-05
"531",31,3e+05,0.3,0.001,0,54369,0.668579521418455,0.223859184461734,3.13210690513613e-05
"532",32,3e+05,0.3,0.001,0,54265,0.657735188427163,0.227126140237722,3.24720056530701e-05
"533",33,3e+05,0.3,0.001,0,55686,0.664134611931186,0.21394964623065,3.04209542807715e-05
"534",34,3e+05,0.3,0.001,0,55192,0.671401652413393,0.224199159298449,3.16442252870982e-05
"535",35,3e+05,0.3,0.001,0,54388,0.669982349047584,0.239207178053983,3.3240294913788e-05
"536",36,3e+05,0.3,0.001,0,53555,0.660106432639343,0.226720194192886,3.21363572477042e-05
"537",37,3e+05,0.3,0.001,0,53592,0.664819376026273,0.227254067771309,3.27360368224597e-05
"538",38,3e+05,0.3,0.001,0,54057,0.65493830586233,0.222320883511849,3.2057702116284e-05
"539",39,3e+05,0.3,0.001,0,53714,0.675056782216927,0.225620880962133,3.20757732543977e-05
"540",40,3e+05,0.3,0.001,0,56323,0.670383324751878,0.231060135291089,3.20345114141528e-05
"541",41,3e+05,0.3,0.001,0,55947,0.678392049618389,0.225963858651938,3.21759796031859e-05
"542",42,3e+05,0.3,0.001,0,54774,0.660039434768321,0.224504326870413,3.17491010405037e-05
"543",43,3e+05,0.3,0.001,0,56605,0.64877660984012,0.218319936401378,3.17041862461466e-05
"544",44,3e+05,0.3,0.001,0,54360,0.665857247976453,0.221504782928624,3.14610153985609e-05
"545",45,3e+05,0.3,0.001,0,56531,0.690276131679963,0.219649395906671,3.09831779865478e-05
"546",46,3e+05,0.3,0.001,0,54762,0.65315364668931,0.225503086081589,3.27433594559892e-05
"547",47,3e+05,0.3,0.001,0,55679,0.655399701862462,0.205678981303544,2.93706564478108e-05
"548",48,3e+05,0.3,0.001,0,54431,0.667395418052213,0.223879774393269,3.16310872873721e-05
"549",49,3e+05,0.3,0.001,0,53336,0.653873556322184,0.216495425228739,3.11159956578933e-05
"550",50,3e+05,0.3,0.001,0,53404,0.625964347239907,0.21650063665643,3.07773009707901e-05
"551",51,3e+05,0.3,0.001,0,54402,0.662365354214919,0.216168523216058,3.1031122704021e-05
"552",52,3e+05,0.3,0.001,0,54606,0.657546789730066,0.227703915320661,3.27187918103506e-05
"553",53,3e+05,0.3,0.001,0,53622,0.663570922382604,0.227332065197121,3.25801670310149e-05
"554",54,3e+05,0.3,0.001,0,53636,0.661160414646879,0.22697442016556,3.22106776920315e-05
"555",55,3e+05,0.3,0.001,0,53995,0.67298823965182,0.22789147143254,3.19622212603919e-05
"556",56,3e+05,0.3,0.001,0,53954,0.651184342217444,0.225265967305482,3.19364907896508e-05
"557",57,3e+05,0.3,0.001,0,56074,0.686753218960659,0.242251310767914,3.43472711605043e-05
"558",58,3e+05,0.3,0.001,0,54579,0.666959819710878,0.232048956558383,3.322604915313e-05
"559",59,3e+05,0.3,0.001,0,53949,0.654191922000408,0.214128158075219,3.10931241264275e-05
"560",60,3e+05,0.3,0.001,0,53895,0.659040727340199,0.22564245291771,3.11530764581473e-05
"561",61,3e+05,0.3,0.001,0,53925,0.657969401947149,0.222123319425128,3.13595890567591e-05
"562",62,3e+05,0.3,0.001,0,53882,0.664600423146877,0.223748190490331,3.16746937033789e-05
"563",63,3e+05,0.3,0.001,0,53914,0.671569536669511,0.230570909225804,3.28637535313551e-05
"564",64,3e+05,0.3,0.001,0,53096,0.660030887449149,0.221466777158355,3.11949220050598e-05
"565",65,3e+05,0.3,0.001,0,51664,0.662569681015794,0.232947506968102,3.27293910822982e-05
"566",66,3e+05,0.3,0.001,0,54046,0.654868075343226,0.224530955112312,3.14988747013162e-05
"567",67,3e+05,0.3,0.001,0,54113,0.649659046809454,0.230184983275738,3.29454412929445e-05
"568",68,3e+05,0.3,0.001,0,54270,0.672286714575272,0.223530495669799,3.07703596393648e-05
"569",69,3e+05,0.3,0.001,0,54859,0.650595162142948,0.223445560436756,3.18274770839051e-05
"570",70,3e+05,0.3,0.001,0,54147,0.69671449941825,0.239920955916302,3.30584948272739e-05
"571",71,3e+05,0.3,0.001,0,53579,0.663412904309524,0.220683476735288,3.2343795931003e-05
"572",72,3e+05,0.3,0.001,0,54323,0.664249028956427,0.222281538206653,3.17010098354804e-05
"573",73,3e+05,0.3,0.001,0,53624,0.66201700731016,0.225309562882292,3.20162166221693e-05
"574",74,3e+05,0.3,0.001,0,53829,0.67181259172565,0.226532166675955,3.08699877672118e-05
"575",75,3e+05,0.3,0.001,0,54968,0.682306068985592,0.241103915005094,3.3360145930729e-05
"576",76,3e+05,0.3,0.001,0,54841,0.657683120293211,0.224394157655769,3.14681453484721e-05
"577",77,3e+05,0.3,0.001,0,54804,0.677030873658857,0.228778921246624,3.21660585549054e-05
"578",78,3e+05,0.3,0.001,0,54894,0.661110503880206,0.22849491747732,3.18873699742585e-05
"579",79,3e+05,0.3,0.001,0,56403,0.653883658670638,0.221974008474727,3.19148511263166e-05
"580",80,3e+05,0.3,0.001,0,54259,0.66084889142815,0.228975838109807,3.20724821394364e-05
"581",81,3e+05,0.3,0.001,0,54208,0.662466794569067,0.230740850059032,3.2832828484158e-05
"582",82,3e+05,0.3,0.001,0,55792,0.667389589905363,0.226645397189561,3.22526598822455e-05
"583",83,3e+05,0.3,0.001,0,52925,0.636051015588096,0.217949929145017,3.10338372565311e-05
"584",84,3e+05,0.3,0.001,0,56117,0.669886130762514,0.234634780904182,3.3790209736924e-05
"585",85,3e+05,0.3,0.001,0,53563,0.64992625506413,0.211321247876333,3.02804773718914e-05
"586",86,3e+05,0.3,0.001,0,54697,0.645812384591477,0.210687971918021,3.04157093242873e-05
"587",87,3e+05,0.3,0.001,0,53973,0.679358197617327,0.244010894336057,3.33598133071182e-05
"588",88,3e+05,0.3,0.001,0,53880,0.668485523385301,0.223459539717892,3.17081384942172e-05
"589",89,3e+05,0.3,0.001,0,56517,0.660650777642125,0.227382911336412,3.26259353701886e-05
"590",90,3e+05,0.3,0.001,0,53112,0.657271426419642,0.232263895164934,3.30217257490717e-05
"591",91,3e+05,0.3,0.001,0,55161,0.630971157158137,0.204492304345461,2.99508800215483e-05
"592",92,3e+05,0.3,0.001,0,55338,0.65530015540858,0.221963207922223,3.20735245700736e-05
"593",93,3e+05,0.3,0.001,0,56034,0.667576828354214,0.230163829103758,3.22324492191548e-05
"594",94,3e+05,0.3,0.001,0,53571,0.656810587818036,0.227455152974557,3.2371248461804e-05
"595",95,3e+05,0.3,0.001,0,53381,0.660497180644799,0.222869560330455,3.1714309730608e-05
"596",96,3e+05,0.3,0.001,0,53896,0.664205135817129,0.215952946415318,3.05105700067873e-05
"597",97,3e+05,0.3,0.001,0,53020,0.669313466616371,0.237608449641645,3.29078169271522e-05
"598",98,3e+05,0.3,0.001,0,53192,0.651338547149947,0.211385170702361,3.06326430603457e-05
"599",99,3e+05,0.3,0.001,0,54352,0.643600971445393,0.218372828966735,3.09959451619299e-05
"600",100,3e+05,0.3,0.001,0,51747,0.652250372002242,0.230815312965003,3.29753195271563e-05
"601",1,30000,0.8,0.001,0,32543,0.775619948990566,0.359893064560735,0.000441074621254304
"602",2,30000,0.8,0.001,0,32316,0.772867929199158,0.36817675454883,0.000453670501724381
"603",3,30000,0.8,0.001,0,33987,0.772030482243211,0.353929443610792,0.000447287044190399
"604",4,30000,0.8,0.001,0,31610,0.773521037646314,0.355710218285353,0.000448024968813976
"605",5,30000,0.8,0.001,0,31718,0.766693990793871,0.358187779809572,0.000451876708119892
"606",6,30000,0.8,0.001,0,32735,0.779379868642126,0.352802810447533,0.000441821891942387
"607",7,30000,0.8,0.001,0,34110,0.761096452653181,0.341102316036353,0.00042700049135932
"608",8,30000,0.8,0.001,0,31712,0.759239404641776,0.342551715438951,0.000434127548243202
"609",9,30000,0.8,0.001,0,32495,0.771534082166487,0.37024157562702,0.000444477574620969
"610",10,30000,0.8,0.001,0,32114,0.777449087625335,0.344771750638351,0.000423878550960102
"611",11,30000,0.8,0.001,0,33077,0.77894004897663,0.355654986848868,0.000455776921019497
"612",12,30000,0.8,0.001,0,32393,0.776494921742352,0.35822554255549,0.000441279112185832
"613",13,30000,0.8,0.001,0,33588,0.768191020602596,0.361706561867334,0.000458934583136315
"614",14,30000,0.8,0.001,0,32595,0.760607455131155,0.354778340236233,0.000445910471642878
"615",15,30000,0.8,0.001,0,33114,0.774053270520022,0.345020233134022,0.000433168403529831
"616",16,30000,0.8,0.001,0,32259,0.761306922099259,0.364952416379925,0.00046123451738346
"617",17,30000,0.8,0.001,0,33339,0.782776927922253,0.361438555445574,0.000450049781178286
"618",18,30000,0.8,0.001,0,33267,0.766946222983738,0.353533531728139,0.000445774063461884
"619",19,30000,0.8,0.001,0,31447,0.775177282411677,0.364708875250421,0.000455222343280278
"620",20,30000,0.8,0.001,0,33882,0.773803199338882,0.348739743816776,0.000449255442381776
"621",21,30000,0.8,0.001,0,33308,0.776840398703014,0.352017533325327,0.000435678567653235
"622",22,30000,0.8,0.001,0,32840,0.771680876979294,0.369975639464068,0.000465021469650411
"623",23,30000,0.8,0.001,0,32493,0.766688209768258,0.349706090542578,0.000439688594734215
"624",24,30000,0.8,0.001,0,33348,0.784394866258846,0.3606813002279,0.000453520898288258
"625",25,30000,0.8,0.001,0,32255,0.771601302123702,0.361432336071927,0.000460264670053724
"626",26,30000,0.8,0.001,0,33500,0.773134328358209,0.334805970149254,0.00041949519053124
"627",27,30000,0.8,0.001,0,33909,0.784039635495001,0.369842814591996,0.000456842605803782
"628",28,30000,0.8,0.001,0,33027,0.78905138220244,0.352499470130499,0.000436355616774245
"629",29,30000,0.8,0.001,0,34218,0.77979426033082,0.358407855514641,0.000454354931640231
"630",30,30000,0.8,0.001,0,33499,0.773664885518971,0.360428669512523,0.000455349265423573
"631",31,30000,0.8,0.001,0,32757,0.785480965900418,0.355435479439509,0.000455051829794408
"632",32,30000,0.8,0.001,0,32146,0.778137248802339,0.346388353138804,0.000429327375133731
"633",33,30000,0.8,0.001,0,32847,0.766432246476086,0.349651414132189,0.00043567901655245
"634",34,30000,0.8,0.001,0,32733,0.772492591574252,0.361806128371979,0.00045118784737419
"635",35,30000,0.8,0.001,0,32768,0.77581787109375,0.345306396484375,0.0004359324531362
"636",36,30000,0.8,0.001,0,33678,0.781222162836273,0.370182314864303,0.000457836268749709
"637",37,30000,0.8,0.001,0,32233,0.783668910743648,0.374864269537431,0.00046607237731612
"638",38,30000,0.8,0.001,0,31635,0.758526948000632,0.348253516674569,0.000436210432514662
"639",39,30000,0.8,0.001,0,32867,0.787263820853744,0.359205281893693,0.000449539141360065
"640",40,30000,0.8,0.001,0,32670,0.760912151821243,0.349862258953168,0.000431797153844252
"641",41,30000,0.8,0.001,0,33268,0.774407839365156,0.358662979439702,0.000442031310264603
"642",42,30000,0.8,0.001,0,32552,0.782624723519292,0.35847259768985,0.00044932546734713
"643",43,30000,0.8,0.001,0,32755,0.775667836971455,0.371332620973897,0.00046827176788573
"644",44,30000,0.8,0.001,0,32856,0.766861456050645,0.34718164110056,0.000448005398415381
"645",45,30000,0.8,0.001,0,31747,0.769143541121996,0.350080322550162,0.000448331790745489
"646",46,30000,0.8,0.001,0,32705,0.753921418743311,0.341415685674973,0.000429397287732988
"647",47,30000,0.8,0.001,0,31658,0.76179796575905,0.351159264640849,0.000437022760869227
"648",48,30000,0.8,0.001,0,31121,0.766074354937181,0.373959705664985,0.000467961530237453
"649",49,30000,0.8,0.001,0,32363,0.757778945091617,0.358712109507771,0.000446749415937161
"650",50,30000,0.8,0.001,0,33220,0.774051776038531,0.367670078266105,0.000456789953244557
"651",51,30000,0.8,0.001,0,33450,0.786337817638266,0.343348281016442,0.000421490682933428
"652",52,30000,0.8,0.001,0,32667,0.770961520800808,0.354333119049806,0.000439136201612092
"653",53,30000,0.8,0.001,0,32964,0.789588642155078,0.371101808033006,0.000456181682022541
"654",54,30000,0.8,0.001,0,31906,0.775402745565097,0.347238763868865,0.000437523534443928
"655",55,30000,0.8,0.001,0,32757,0.773849864151174,0.371187837714076,0.000456315059719327
"656",56,30000,0.8,0.001,0,33871,0.775353547282336,0.356115851318237,0.000446988797540923
"657",57,30000,0.8,0.001,0,30954,0.765167668152743,0.366350067842605,0.000455192733656469
"658",58,30000,0.8,0.001,0,32978,0.767572320941234,0.353447753047486,0.000438647324624416
"659",59,30000,0.8,0.001,0,32748,0.770428728471968,0.347746427262734,0.000435756702436034
"660",60,30000,0.8,0.001,0,31626,0.757130209321444,0.350281414026434,0.000450318511456177
"661",61,30000,0.8,0.001,0,34193,0.773520896089843,0.352528295265113,0.000446264219162798
"662",62,30000,0.8,0.001,0,31086,0.751463681399987,0.346940745029917,0.00044185731930851
"663",63,30000,0.8,0.001,0,33261,0.779321126845254,0.365142358918854,0.00044646220579343
"664",64,30000,0.8,0.001,0,32885,0.806537935228828,0.373513760072982,0.000453767830248882
"665",65,30000,0.8,0.001,0,33469,0.771280886790762,0.35420837192626,0.00044799447177647
"666",66,30000,0.8,0.001,0,32781,0.780635124004759,0.341569811781215,0.000427915118892505
"667",67,30000,0.8,0.001,0,32048,0.764915127309036,0.344576884672991,0.000424346675756133
"668",68,30000,0.8,0.001,0,32776,0.744538686844032,0.33640468635587,0.000427465740862079
"669",69,30000,0.8,0.001,0,32606,0.757406612279948,0.350334294301662,0.000449508709686239
"670",70,30000,0.8,0.001,0,33243,0.777697560388653,0.344854555846344,0.000426588409106803
"671",71,30000,0.8,0.001,0,32569,0.757131014154564,0.374865669808714,0.000466371690944548
"672",72,30000,0.8,0.001,0,32822,0.76473097312778,0.34732801169947,0.000434455152173998
"673",73,30000,0.8,0.001,0,32001,0.76650729664698,0.358645042342427,0.000448828579066612
"674",74,30000,0.8,0.001,0,33617,0.770443525597168,0.353303388166701,0.000441376552344275
"675",75,30000,0.8,0.001,0,31374,0.800662969337668,0.35252119589469,0.000441616326355684
"676",76,30000,0.8,0.001,0,31768,0.787144296147066,0.36451775371443,0.000461446826866232
"677",77,30000,0.8,0.001,0,32909,0.797137561153484,0.368075602418791,0.00045708198642217
"678",78,30000,0.8,0.001,0,32254,0.765796490357785,0.353320518385317,0.000442768609510418
"679",79,30000,0.8,0.001,0,31327,0.770517445015482,0.358093657228589,0.000454262032249433
"680",80,30000,0.8,0.001,0,32920,0.781713244228433,0.350577156743621,0.000440960229264146
"681",81,30000,0.8,0.001,0,33160,0.779071170084439,0.342430639324487,0.000431004934253641
"682",82,30000,0.8,0.001,0,33769,0.780183008084338,0.348722200835085,0.000429766961175771
"683",83,30000,0.8,0.001,0,31659,0.772102719605799,0.384250923907894,0.000479002894434559
"684",84,30000,0.8,0.001,0,32649,0.773836870960826,0.3365799871359,0.000423142852651926
"685",85,30000,0.8,0.001,0,32941,0.798852493852646,0.384414559363711,0.000469963931398554
"686",86,30000,0.8,0.001,0,32401,0.770346594240918,0.348662078330916,0.000434199356329132
"687",87,30000,0.8,0.001,0,30725,0.748283157038242,0.333409275834011,0.000426839810934272
"688",88,30000,0.8,0.001,0,31384,0.777529951567678,0.362127198572521,0.000446260391497467
"689",89,30000,0.8,0.001,0,32092,0.777327682911629,0.354792471644023,0.000445956908000719
"690",90,30000,0.8,0.001,0,31787,0.782080724824614,0.370119860320257,0.000454875202913658
"691",91,30000,0.8,0.001,0,32449,0.795063021972942,0.361305433141237,0.000440907929995954
"692",92,30000,0.8,0.001,0,32026,0.775838381315181,0.34918503715731,0.00044319591341552
"693",93,30000,0.8,0.001,0,33637,0.773374557778637,0.347355590569908,0.000429370167880745
"694",94,30000,0.8,0.001,0,33089,0.79201547342017,0.349542143914896,0.000435312023001625
"695",95,30000,0.8,0.001,0,32934,0.766472338616627,0.360630351612316,0.000450834982095639
"696",96,30000,0.8,0.001,0,33198,0.78781854328574,0.361497680583168,0.000448785997059527
"697",97,30000,0.8,0.001,0,33325,0.771882970742686,0.356909227306827,0.000456830319332729
"698",98,30000,0.8,0.001,0,32240,0.780738213399504,0.356079404466501,0.000441043796454628
"699",99,30000,0.8,0.001,0,32347,0.770643336321761,0.352799332241012,0.000447740641179821
"700",100,30000,0.8,0.001,0,32439,0.791084805326921,0.349949135300102,0.000441466735728696
"701",1,3e+05,0.8,0.001,0,69591,0.616502133896625,0.181776379129485,2.85873845876907e-05
"702",2,3e+05,0.8,0.001,0,69852,0.615000286319647,0.176644906373475,2.75412829553703e-05
"703",3,3e+05,0.8,0.001,0,70476,0.579842783358874,0.178131562517737,2.84481253068834e-05
"704",4,3e+05,0.8,0.001,0,69002,0.619344366829947,0.183748297150807,2.7973422875693e-05
"705",5,3e+05,0.8,0.001,0,68081,0.606145620657746,0.185103039027041,2.87800449491342e-05
"706",6,3e+05,0.8,0.001,0,68486,0.593741786642526,0.174561224191806,2.77212741236811e-05
"707",7,3e+05,0.8,0.001,0,70161,0.622069240746284,0.17981499693562,2.71722649363303e-05
"708",8,3e+05,0.8,0.001,0,71034,0.607230340400372,0.17714052425599,2.79568489457124e-05
"709",9,3e+05,0.8,0.001,0,69575,0.613165648580668,0.188357887172116,2.8949839025134e-05
"710",10,3e+05,0.8,0.001,0,70183,0.623954518900589,0.183947679637519,2.87443136657307e-05
"711",11,3e+05,0.8,0.001,0,68292,0.618637614947578,0.180021085925145,2.77784094017e-05
"712",12,3e+05,0.8,0.001,0,66935,0.608201987002316,0.188242324643311,2.8078089949951e-05
"713",13,3e+05,0.8,0.001,0,69451,0.612158212264762,0.187153532706512,2.90439572417472e-05
"714",14,3e+05,0.8,0.001,0,70247,0.605250046265321,0.176206813102339,2.7581214793473e-05
"715",15,3e+05,0.8,0.001,0,69959,0.588516130876656,0.173887562715305,2.75750706268763e-05
"716",16,3e+05,0.8,0.001,0,69375,0.619127927927928,0.185023423423423,2.85481054995174e-05
"717",17,3e+05,0.8,0.001,0,70859,0.619610776330459,0.191944565969037,2.94214772284714e-05
"718",18,3e+05,0.8,0.001,0,70306,0.611910789975251,0.183099593206839,2.8733430596602e-05
"719",19,3e+05,0.8,0.001,0,69793,0.610089837089679,0.182095625635809,2.81959874532968e-05
"720",20,3e+05,0.8,0.001,0,69391,0.599976942254759,0.191451340951997,2.96519784814409e-05
"721",21,3e+05,0.8,0.001,0,70127,0.61216079398805,0.179217705020891,2.75012659229804e-05
"722",22,3e+05,0.8,0.001,0,68343,0.609191870418331,0.172058586834058,2.69450721771216e-05
"723",23,3e+05,0.8,0.001,0,69199,0.627537970201882,0.177545918293617,2.76599606483189e-05
"724",24,3e+05,0.8,0.001,0,70244,0.633292523204829,0.185724047605489,2.76962004341864e-05
"725",25,3e+05,0.8,0.001,0,69251,0.619991047060692,0.188329410405626,2.89700524184244e-05
"726",26,3e+05,0.8,0.001,0,68124,0.628559685279784,0.180743937525688,2.75248715650287e-05
"727",27,3e+05,0.8,0.001,0,70232,0.611245586057638,0.173909329080761,2.66875941055802e-05
"728",28,3e+05,0.8,0.001,0,69446,0.601085735679521,0.184215073582352,2.86325869389001e-05
"729",29,3e+05,0.8,0.001,0,68908,0.620711673535729,0.18772856562373,2.89239589857765e-05
"730",30,3e+05,0.8,0.001,0,69027,0.614600084025092,0.175380648152172,2.683299342583e-05
"731",31,3e+05,0.8,0.001,0,70744,0.633679181273324,0.18557050774624,2.82642196185147e-05
"732",32,3e+05,0.8,0.001,0,68910,0.612828326803077,0.173878972572921,2.76406189074329e-05
"733",33,3e+05,0.8,0.001,0,70837,0.600688905515479,0.180640060985078,2.82092422361061e-05
"734",34,3e+05,0.8,0.001,0,70796,0.615839877959207,0.180024295157919,2.79114047363669e-05
"735",35,3e+05,0.8,0.001,0,69735,0.62566860256686,0.186262278626228,2.84730177457648e-05
"736",36,3e+05,0.8,0.001,0,68351,0.593978142236397,0.176032537929218,2.76538058757099e-05
"737",37,3e+05,0.8,0.001,0,70745,0.629896105731854,0.191971164039861,2.90886365206393e-05
"738",38,3e+05,0.8,0.001,0,67109,0.596417768108599,0.166147610603645,2.68639331423174e-05
"739",39,3e+05,0.8,0.001,0,69772,0.598348907871352,0.175299547096256,2.70635716660058e-05
"740",40,3e+05,0.8,0.001,0,69104,0.623856795554527,0.186226557073397,2.86398783555263e-05
"741",41,3e+05,0.8,0.001,0,69136,0.625188035177042,0.187254107845406,2.95577172066665e-05
"742",42,3e+05,0.8,0.001,0,69402,0.620558485346244,0.176651969683871,2.74883242404511e-05
"743",43,3e+05,0.8,0.001,0,69852,0.602946229170246,0.17133367691691,2.679020377289e-05
"744",44,3e+05,0.8,0.001,0,69716,0.61053416719261,0.189712548052097,2.81679028361954e-05
"745",45,3e+05,0.8,0.001,0,69560,0.636472110408281,0.179643473260495,2.7361626012096e-05
"746",46,3e+05,0.8,0.001,0,67586,0.584440564613973,0.181339330630604,2.82189983722077e-05
"747",47,3e+05,0.8,0.001,0,69469,0.631965337056817,0.185996631591069,2.84805334443222e-05
"748",48,3e+05,0.8,0.001,0,67945,0.595952608727647,0.174464640518066,2.756881579725e-05
"749",49,3e+05,0.8,0.001,0,69011,0.616640825375665,0.179362710292562,2.81870616644889e-05
"750",50,3e+05,0.8,0.001,0,71040,0.609698761261261,0.184177927927928,2.86632056678863e-05
"751",51,3e+05,0.8,0.001,0,68768,0.622673336435551,0.183762796649604,2.79638184206002e-05
"752",52,3e+05,0.8,0.001,0,68731,0.615588308041495,0.198091108815527,2.9337688236765e-05
"753",53,3e+05,0.8,0.001,0,70160,0.602337514253136,0.187428734321551,2.88203195835463e-05
"754",54,3e+05,0.8,0.001,0,68114,0.63484746160848,0.191619931291658,2.89915675559547e-05
"755",55,3e+05,0.8,0.001,0,68238,0.622028781617281,0.187417567924031,2.93603864802775e-05
"756",56,3e+05,0.8,0.001,0,69547,0.602585302025968,0.181546292435331,2.82317069013463e-05
"757",57,3e+05,0.8,0.001,0,70217,0.581568566016777,0.167865331757267,2.69863280867907e-05
"758",58,3e+05,0.8,0.001,0,68411,0.628173831693733,0.178918594962798,2.80326161945599e-05
"759",59,3e+05,0.8,0.001,0,67425,0.599021134593993,0.178746755654431,2.80588230876969e-05
"760",60,3e+05,0.8,0.001,0,69844,0.609415268312239,0.173601168317966,2.70889539497542e-05
"761",61,3e+05,0.8,0.001,0,69186,0.606827970976787,0.176827681900963,2.81404048865945e-05
"762",62,3e+05,0.8,0.001,0,68363,0.615288972104793,0.173558796424967,2.63086097935543e-05
"763",63,3e+05,0.8,0.001,0,71458,0.609015085784657,0.175319768255479,2.73018449877684e-05
"764",64,3e+05,0.8,0.001,0,71045,0.625434583714547,0.186754873671617,2.87952838801592e-05
"765",65,3e+05,0.8,0.001,0,70664,0.628212385373033,0.189403373712216,2.90393966922433e-05
"766",66,3e+05,0.8,0.001,0,69268,0.610527227579835,0.176647225269966,2.72263640169051e-05
"767",67,3e+05,0.8,0.001,0,67882,0.601337615273563,0.170000883886745,2.69832613305427e-05
"768",68,3e+05,0.8,0.001,0,69744,0.61145044735031,0.183886785960083,2.78368868590456e-05
"769",69,3e+05,0.8,0.001,0,70259,0.619564753270044,0.170398098464254,2.64781321175029e-05
"770",70,3e+05,0.8,0.001,0,69679,0.611992135363596,0.17937972703397,2.8441374189244e-05
"771",71,3e+05,0.8,0.001,0,70587,0.639282020768697,0.194540071117911,2.9608855118768e-05
"772",72,3e+05,0.8,0.001,0,72345,0.614430852166701,0.183910429193448,2.88911469402486e-05
"773",73,3e+05,0.8,0.001,0,68263,0.626898905702943,0.174135329534301,2.70358802116244e-05
"774",74,3e+05,0.8,0.001,0,69472,0.623574965453708,0.195172155688623,2.98909391891236e-05
"775",75,3e+05,0.8,0.001,0,68493,0.62387397252274,0.19626823179011,2.96492006898132e-05
"776",76,3e+05,0.8,0.001,0,68728,0.604557094633919,0.174717727854732,2.82158773708855e-05
"777",77,3e+05,0.8,0.001,0,68050,0.611271124173402,0.172387950036738,2.72466953521775e-05
"778",78,3e+05,0.8,0.001,0,68640,0.611232517482518,0.187747668997669,2.95570953321464e-05
"779",79,3e+05,0.8,0.001,0,67697,0.599893643736059,0.179919346499845,2.85725038989777e-05
"780",80,3e+05,0.8,0.001,0,69327,0.603675335727783,0.183016717873267,2.7970330702226e-05
"781",81,3e+05,0.8,0.001,0,69761,0.623242212697639,0.187855678674331,2.7978450944043e-05
"782",82,3e+05,0.8,0.001,0,67744,0.613131790269249,0.182732050070855,2.80274898324738e-05
"783",83,3e+05,0.8,0.001,0,68497,0.597413025387973,0.180635648276567,2.80156111210891e-05
"784",84,3e+05,0.8,0.001,0,68970,0.625996810207337,0.179353342032768,2.8072597983249e-05
"785",85,3e+05,0.8,0.001,0,71798,0.609167386278169,0.181913145212959,2.82555285309982e-05
"786",86,3e+05,0.8,0.001,0,69590,0.605805431814916,0.175413134070987,2.76362031855494e-05
"787",87,3e+05,0.8,0.001,0,68997,0.619939997391191,0.186935663869444,2.79246916791171e-05
"788",88,3e+05,0.8,0.001,0,68344,0.617669436965937,0.185341800304343,2.7868385088082e-05
"789",89,3e+05,0.8,0.001,0,64992,0.619137740029542,0.18685376661743,2.86345609681053e-05
"790",90,3e+05,0.8,0.001,0,70582,0.606939446317758,0.181646878807628,2.77485263361139e-05
"791",91,3e+05,0.8,0.001,0,70883,0.588321600383731,0.163579419606958,2.65136391946723e-05
"792",92,3e+05,0.8,0.001,0,71276,0.598602615186037,0.173620854144453,2.7476731304034e-05
"793",93,3e+05,0.8,0.001,0,68430,0.606225339763262,0.176311559257636,2.73273280701568e-05
"794",94,3e+05,0.8,0.001,0,69518,0.582050691907132,0.174789263212405,2.78688061752268e-05
"795",95,3e+05,0.8,0.001,0,69371,0.612186648599559,0.179844603652823,2.80854104371865e-05
"796",96,3e+05,0.8,0.001,0,67870,0.619979372329453,0.195653455134817,2.96029037043461e-05
"797",97,3e+05,0.8,0.001,0,69095,0.608538968087416,0.177943411245387,2.78866818761533e-05
"798",98,3e+05,0.8,0.001,0,70234,0.616353902668223,0.192684454822451,2.93079393910317e-05
"799",99,3e+05,0.8,0.001,0,68690,0.604585820352307,0.178119085747561,2.75426602568883e-05
"800",100,3e+05,0.8,0.001,0,69371,0.600986002796558,0.176111055051823,2.74000669712342e-05
